Date,Ad_name,Brand_Name,Languange,Funnel_Type,Convertions_Objective,Targeting_Type,Ads_Set,Format,Key_Message,Ads_Element,Amount_spent,Purchase_ZLP,Purchase_ZLF,SignUp,Landing_page_views,Link_clicks,Impressions,Reach
4/15/2023,Zurich ZLF_id_tf_wc_sd_Sign Up_img_THR_image B_RevoU_14042023,Zurich ZLF,id,tf,wc,sd,Sign Up,img,THR,image B,2984,0,0,0,0,0,19,18
4/16/2023,Zurich ZLF_id_tf_wc_sd_Sign Up_img_THR_image B_RevoU_14042023,Zurich ZLF,id,tf,wc,sd,Sign Up,img,THR,image B,49118,0,0,0,7,7,448,358
4/17/2023,Zurich ZLF_id_tf_wc_sd_Sign Up_img_THR_image B_RevoU_14042023,Zurich ZLF,id,tf,wc,sd,Sign Up,img,THR,image B,60947,0,0,0,7,7,652,565
4/18/2023,Zurich ZLF_id_tf_wc_sd_Sign Up_img_THR_image B_RevoU_14042023,Zurich ZLF,id,tf,wc,sd,Sign Up,img,THR,image B,45369,0,0,1,7,7,566,471
4/19/2023,Zurich ZLF_id_tf_wc_sd_Sign Up_img_THR_image B_RevoU_14042023,Zurich ZLF,id,tf,wc,sd,Sign Up,img,THR,image B,50135,0,1,1,3,4,431,356
4/20/2023,Zurich ZLF_id_tf_wc_sd_Sign Up_img_THR_image B_RevoU_14042023,Zurich ZLF,id,tf,wc,sd,Sign Up,img,THR,image B,131884,0,0,7,22,24,2241,1981
4/21/2023,Zurich ZLF_id_tf_wc_sd_Sign Up_img_THR_image B_RevoU_14042023,Zurich ZLF,id,tf,wc,sd,Sign Up,img,THR,image B,123310,0,0,4,11,15,1641,1462
4/22/2023,Zurich ZLF_id_tf_wc_sd_Sign Up_img_THR_image B_RevoU_14042023,Zurich ZLF,id,tf,wc,sd,Sign Up,img,THR,image B,4589,0,0,1,1,1,47,46
4/15/2023,Zurich ZLF_id_mf_wc_bd_Broad IG_img_THR_image B_RevoU_14042023,Zurich ZLF,id,mf,wc,bd,Broad IG,img,THR,image B,227,0,0,0,0,0,5,5
4/16/2023,Zurich ZLF_id_mf_wc_bd_Broad IG_img_THR_image B_RevoU_14042023,Zurich ZLF,id,mf,wc,bd,Broad IG,img,THR,image B,739,0,0,0,0,0,9,6
4/17/2023,Zurich ZLF_id_mf_wc_bd_Broad IG_img_THR_image B_RevoU_14042023,Zurich ZLF,id,mf,wc,bd,Broad IG,img,THR,image B,644,0,0,0,1,1,8,8
4/18/2023,Zurich ZLF_id_mf_wc_bd_Broad IG_img_THR_image B_RevoU_14042023,Zurich ZLF,id,mf,wc,bd,Broad IG,img,THR,image B,1196,0,0,0,0,0,33,32
4/19/2023,Zurich ZLF_id_mf_wc_bd_Broad IG_img_THR_image B_RevoU_14042023,Zurich ZLF,id,mf,wc,bd,Broad IG,img,THR,image B,2701,0,0,0,0,0,62,58
4/20/2023,Zurich ZLF_id_mf_wc_bd_Broad IG_img_THR_image B_RevoU_14042023,Zurich ZLF,id,mf,wc,bd,Broad IG,img,THR,image B,11077,0,0,0,0,0,156,140
4/21/2023,Zurich ZLF_id_mf_wc_bd_Broad IG_img_THR_image B_RevoU_14042023,Zurich ZLF,id,mf,wc,bd,Broad IG,img,THR,image B,24824,0,0,5,7,7,363,330
4/22/2023,Zurich ZLF_id_mf_wc_bd_Broad IG_img_THR_image B_RevoU_14042023,Zurich ZLF,id,mf,wc,bd,Broad IG,img,THR,image B,590,0,0,0,0,0,11,11
4/15/2023,Zurich ZLF_id_tf_wc_sd_Broad IG_img_THR_image B_RevoU_14042023,Zurich ZLF,id,tf,wc,sd,Broad IG,img,THR,image B,2086,0,0,0,0,0,53,47
4/16/2023,Zurich ZLF_id_tf_wc_sd_Broad IG_img_THR_image B_RevoU_14042023,Zurich ZLF,id,tf,wc,sd,Broad IG,img,THR,image B,41840,0,0,0,2,2,552,455
4/17/2023,Zurich ZLF_id_tf_wc_sd_Broad IG_img_THR_image B_RevoU_14042023,Zurich ZLF,id,tf,wc,sd,Broad IG,img,THR,image B,39400,0,0,0,5,5,747,644
4/18/2023,Zurich ZLF_id_tf_wc_sd_Broad IG_img_THR_image B_RevoU_14042023,Zurich ZLF,id,tf,wc,sd,Broad IG,img,THR,image B,31469,0,0,0,1,1,765,682
4/19/2023,Zurich ZLF_id_tf_wc_sd_Broad IG_img_THR_image B_RevoU_14042023,Zurich ZLF,id,tf,wc,sd,Broad IG,img,THR,image B,40518,0,0,0,2,2,458,406
4/20/2023,Zurich ZLF_id_tf_wc_sd_Broad IG_img_THR_image B_RevoU_14042023,Zurich ZLF,id,tf,wc,sd,Broad IG,img,THR,image B,100507,0,0,0,14,17,2306,2050
4/21/2023,Zurich ZLF_id_tf_wc_sd_Broad IG_img_THR_image B_RevoU_14042023,Zurich ZLF,id,tf,wc,sd,Broad IG,img,THR,image B,78513,0,0,1,9,8,1417,1274
4/22/2023,Zurich ZLF_id_tf_wc_sd_Broad IG_img_THR_image B_RevoU_14042023,Zurich ZLF,id,tf,wc,sd,Broad IG,img,THR,image B,3679,0,0,0,1,1,49,48
4/15/2023,Zurich ZLF_id_mf_wc_sd_Healthcare_img_THR_image B_RevoU_14042023,Zurich ZLF,id,mf,wc,sd,Healthcare,img,THR,image B,87,0,0,0,0,0,4,4
4/16/2023,Zurich ZLF_id_mf_wc_sd_Healthcare_img_THR_image B_RevoU_14042023,Zurich ZLF,id,mf,wc,sd,Healthcare,img,THR,image B,3223,0,0,0,0,0,31,28
4/17/2023,Zurich ZLF_id_mf_wc_sd_Healthcare_img_THR_image B_RevoU_14042023,Zurich ZLF,id,mf,wc,sd,Healthcare,img,THR,image B,1126,0,0,0,0,0,18,15
4/18/2023,Zurich ZLF_id_mf_wc_sd_Healthcare_img_THR_image B_RevoU_14042023,Zurich ZLF,id,mf,wc,sd,Healthcare,img,THR,image B,1232,0,0,1,1,1,26,25
4/19/2023,Zurich ZLF_id_mf_wc_sd_Healthcare_img_THR_image B_RevoU_14042023,Zurich ZLF,id,mf,wc,sd,Healthcare,img,THR,image B,7255,0,0,0,3,3,69,61
4/20/2023,Zurich ZLF_id_mf_wc_sd_Healthcare_img_THR_image B_RevoU_14042023,Zurich ZLF,id,mf,wc,sd,Healthcare,img,THR,image B,13840,0,0,0,3,3,216,190
4/21/2023,Zurich ZLF_id_mf_wc_sd_Healthcare_img_THR_image B_RevoU_14042023,Zurich ZLF,id,mf,wc,sd,Healthcare,img,THR,image B,36012,0,0,0,6,7,654,577
4/22/2023,Zurich ZLF_id_mf_wc_sd_Healthcare_img_THR_image B_RevoU_14042023,Zurich ZLF,id,mf,wc,sd,Healthcare,img,THR,image B,1673,0,0,0,0,0,28,27
4/15/2023,Zurich ZLF_id_tf_wc_sd_General Insurance IG_img_THR_image B_RevoU_14042023,Zurich ZLF,id,tf,wc,sd,General Insurance IG,img,THR,image B,7744,0,0,0,1,1,51,49
4/16/2023,Zurich ZLF_id_tf_wc_sd_General Insurance IG_img_THR_image B_RevoU_14042023,Zurich ZLF,id,tf,wc,sd,General Insurance IG,img,THR,image B,20898,0,0,0,4,4,198,165
4/17/2023,Zurich ZLF_id_tf_wc_sd_General Insurance IG_img_THR_image B_RevoU_14042023,Zurich ZLF,id,tf,wc,sd,General Insurance IG,img,THR,image B,25713,0,0,0,2,2,267,236
4/18/2023,Zurich ZLF_id_tf_wc_sd_General Insurance IG_img_THR_image B_RevoU_14042023,Zurich ZLF,id,tf,wc,sd,General Insurance IG,img,THR,image B,20633,0,0,0,2,2,268,236
4/19/2023,Zurich ZLF_id_tf_wc_sd_General Insurance IG_img_THR_image B_RevoU_14042023,Zurich ZLF,id,tf,wc,sd,General Insurance IG,img,THR,image B,14038,0,0,0,0,0,195,180
4/20/2023,Zurich ZLF_id_tf_wc_sd_General Insurance IG_img_THR_image B_RevoU_14042023,Zurich ZLF,id,tf,wc,sd,General Insurance IG,img,THR,image B,47183,0,0,0,6,6,938,847
4/21/2023,Zurich ZLF_id_tf_wc_sd_General Insurance IG_img_THR_image B_RevoU_14042023,Zurich ZLF,id,tf,wc,sd,General Insurance IG,img,THR,image B,42427,0,0,0,5,6,685,619
4/22/2023,Zurich ZLF_id_tf_wc_sd_General Insurance IG_img_THR_image B_RevoU_14042023,Zurich ZLF,id,tf,wc,sd,General Insurance IG,img,THR,image B,878,0,0,0,0,0,24,22
4/26/2023,Zurich ZLF_id_tf_wc_sd_General Insurance IG_img_THR_image B_RevoU_14042023,Zurich ZLF,id,tf,wc,sd,General Insurance IG,img,THR,image B,0,0,0,0,0,0,0,0
4/15/2023,Zurich ZLF_id_tf_wc_sd_Sign Up Narrow Parents_img_THR_image B_RevoU_14042023,Zurich ZLF,id,tf,wc,sd,Sign Up Narrow Parents,img,THR,image B,10805,0,0,0,0,0,101,90
4/16/2023,Zurich ZLF_id_tf_wc_sd_Sign Up Narrow Parents_img_THR_image B_RevoU_14042023,Zurich ZLF,id,tf,wc,sd,Sign Up Narrow Parents,img,THR,image B,30318,0,0,0,6,5,262,227
4/17/2023,Zurich ZLF_id_tf_wc_sd_Sign Up Narrow Parents_img_THR_image B_RevoU_14042023,Zurich ZLF,id,tf,wc,sd,Sign Up Narrow Parents,img,THR,image B,40170,0,0,0,0,0,507,442
4/18/2023,Zurich ZLF_id_tf_wc_sd_Sign Up Narrow Parents_img_THR_image B_RevoU_14042023,Zurich ZLF,id,tf,wc,sd,Sign Up Narrow Parents,img,THR,image B,39342,0,0,0,3,4,437,396
4/19/2023,Zurich ZLF_id_tf_wc_sd_Sign Up Narrow Parents_img_THR_image B_RevoU_14042023,Zurich ZLF,id,tf,wc,sd,Sign Up Narrow Parents,img,THR,image B,31918,0,0,1,4,5,360,306
4/20/2023,Zurich ZLF_id_tf_wc_sd_Sign Up Narrow Parents_img_THR_image B_RevoU_14042023,Zurich ZLF,id,tf,wc,sd,Sign Up Narrow Parents,img,THR,image B,105922,0,0,0,13,14,1792,1594
4/21/2023,Zurich ZLF_id_tf_wc_sd_Sign Up Narrow Parents_img_THR_image B_RevoU_14042023,Zurich ZLF,id,tf,wc,sd,Sign Up Narrow Parents,img,THR,image B,88765,0,0,0,12,12,1202,1082
4/22/2023,Zurich ZLF_id_tf_wc_sd_Sign Up Narrow Parents_img_THR_image B_RevoU_14042023,Zurich ZLF,id,tf,wc,sd,Sign Up Narrow Parents,img,THR,image B,2937,0,0,1,0,0,32,32
4/15/2023,Zurich ZLF_id_bf_wc_cl_Customer List and Sign Up_img_THR_image B_RevoU_14042023,Zurich ZLF,id,bf,wc,cl,Customer List and Sign Up,img,THR,image B,15476,0,0,0,0,1,97,80
4/16/2023,Zurich ZLF_id_bf_wc_cl_Customer List and Sign Up_img_THR_image B_RevoU_14042023,Zurich ZLF,id,bf,wc,cl,Customer List and Sign Up,img,THR,image B,147845,0,0,0,6,7,710,379
4/17/2023,Zurich ZLF_id_bf_wc_cl_Customer List and Sign Up_img_THR_image B_RevoU_14042023,Zurich ZLF,id,bf,wc,cl,Customer List and Sign Up,img,THR,image B,179585,0,0,0,6,7,1166,629
4/18/2023,Zurich ZLF_id_bf_wc_cl_Customer List and Sign Up_img_THR_image B_RevoU_14042023,Zurich ZLF,id,bf,wc,cl,Customer List and Sign Up,img,THR,image B,132581,0,0,1,6,6,931,539
4/19/2023,Zurich ZLF_id_bf_wc_cl_Customer List and Sign Up_img_THR_image B_RevoU_14042023,Zurich ZLF,id,bf,wc,cl,Customer List and Sign Up,img,THR,image B,162622,0,0,1,7,6,777,461
4/20/2023,Zurich ZLF_id_bf_wc_cl_Customer List and Sign Up_img_THR_image B_RevoU_14042023,Zurich ZLF,id,bf,wc,cl,Customer List and Sign Up,img,THR,image B,205013,0,0,1,10,12,1335,681
4/21/2023,Zurich ZLF_id_bf_wc_cl_Customer List and Sign Up_img_THR_image B_RevoU_14042023,Zurich ZLF,id,bf,wc,cl,Customer List and Sign Up,img,THR,image B,232283,0,0,0,7,7,1045,586
4/22/2023,Zurich ZLF_id_bf_wc_cl_Customer List and Sign Up_img_THR_image B_RevoU_14042023,Zurich ZLF,id,bf,wc,cl,Customer List and Sign Up,img,THR,image B,2484,0,0,0,0,0,35,31
4/25/2023,Zurich ZLF_id_bf_wc_cl_Customer List and Sign Up_img_THR_image B_RevoU_14042023,Zurich ZLF,id,bf,wc,cl,Customer List and Sign Up,img,THR,image B,0,0,0,0,0,0,0,0
4/15/2023,Zurich ZLF_id_tf_wc_sd_Sign Up_vid_Musibah_video ramadhan_RevoU_14042023,Zurich ZLF,id,tf,wc,sd,Sign Up,vid,Musibah,video ramadhan,3308,0,0,0,0,0,64,55
4/16/2023,Zurich ZLF_id_tf_wc_sd_Sign Up_vid_Musibah_video ramadhan_RevoU_14042023,Zurich ZLF,id,tf,wc,sd,Sign Up,vid,Musibah,video ramadhan,12792,0,0,0,2,2,136,93
4/17/2023,Zurich ZLF_id_tf_wc_sd_Sign Up_vid_Musibah_video ramadhan_RevoU_14042023,Zurich ZLF,id,tf,wc,sd,Sign Up,vid,Musibah,video ramadhan,28813,0,0,0,0,0,167,139
4/18/2023,Zurich ZLF_id_tf_wc_sd_Sign Up_vid_Musibah_video ramadhan_RevoU_14042023,Zurich ZLF,id,tf,wc,sd,Sign Up,vid,Musibah,video ramadhan,14833,0,0,1,2,3,149,125
4/19/2023,Zurich ZLF_id_tf_wc_sd_Sign Up_vid_Musibah_video ramadhan_RevoU_14042023,Zurich ZLF,id,tf,wc,sd,Sign Up,vid,Musibah,video ramadhan,9272,0,0,0,0,0,140,114
4/20/2023,Zurich ZLF_id_tf_wc_sd_Sign Up_vid_Musibah_video ramadhan_RevoU_14042023,Zurich ZLF,id,tf,wc,sd,Sign Up,vid,Musibah,video ramadhan,3810,0,0,0,0,0,88,80
4/21/2023,Zurich ZLF_id_tf_wc_sd_Sign Up_vid_Musibah_video ramadhan_RevoU_14042023,Zurich ZLF,id,tf,wc,sd,Sign Up,vid,Musibah,video ramadhan,6518,0,0,0,0,0,80,72
4/22/2023,Zurich ZLF_id_tf_wc_sd_Sign Up_vid_Musibah_video ramadhan_RevoU_14042023,Zurich ZLF,id,tf,wc,sd,Sign Up,vid,Musibah,video ramadhan,108,0,0,0,0,0,9,9
4/14/2023,Zurich ZLF_id_mf_wc_bd_Broad IG_vid_Musibah_video ramadhan_RevoU_14042023,Zurich ZLF,id,mf,wc,bd,Broad IG,vid,Musibah,video ramadhan,2543,0,0,0,0,0,30,30
4/15/2023,Zurich ZLF_id_mf_wc_bd_Broad IG_vid_Musibah_video ramadhan_RevoU_14042023,Zurich ZLF,id,mf,wc,bd,Broad IG,vid,Musibah,video ramadhan,6663,0,0,0,0,0,87,85
4/16/2023,Zurich ZLF_id_mf_wc_bd_Broad IG_vid_Musibah_video ramadhan_RevoU_14042023,Zurich ZLF,id,mf,wc,bd,Broad IG,vid,Musibah,video ramadhan,86,0,0,0,0,0,1,1
4/17/2023,Zurich ZLF_id_mf_wc_bd_Broad IG_vid_Musibah_video ramadhan_RevoU_14042023,Zurich ZLF,id,mf,wc,bd,Broad IG,vid,Musibah,video ramadhan,1239,0,0,0,0,0,3,3
4/18/2023,Zurich ZLF_id_mf_wc_bd_Broad IG_vid_Musibah_video ramadhan_RevoU_14042023,Zurich ZLF,id,mf,wc,bd,Broad IG,vid,Musibah,video ramadhan,319,0,0,0,0,0,2,2
4/19/2023,Zurich ZLF_id_mf_wc_bd_Broad IG_vid_Musibah_video ramadhan_RevoU_14042023,Zurich ZLF,id,mf,wc,bd,Broad IG,vid,Musibah,video ramadhan,354,0,0,0,0,0,7,7
4/20/2023,Zurich ZLF_id_mf_wc_bd_Broad IG_vid_Musibah_video ramadhan_RevoU_14042023,Zurich ZLF,id,mf,wc,bd,Broad IG,vid,Musibah,video ramadhan,2306,0,0,0,0,0,2,2
4/21/2023,Zurich ZLF_id_mf_wc_bd_Broad IG_vid_Musibah_video ramadhan_RevoU_14042023,Zurich ZLF,id,mf,wc,bd,Broad IG,vid,Musibah,video ramadhan,36,0,0,0,0,0,2,1
4/14/2023,Zurich ZLF_id_tf_wc_sd_Broad IG_vid_Musibah_video ramadhan_RevoU_14042023,Zurich ZLF,id,tf,wc,sd,Broad IG,vid,Musibah,video ramadhan,13548,0,0,0,1,2,303,284
4/15/2023,Zurich ZLF_id_tf_wc_sd_Broad IG_vid_Musibah_video ramadhan_RevoU_14042023,Zurich ZLF,id,tf,wc,sd,Broad IG,vid,Musibah,video ramadhan,44374,0,0,0,2,3,1708,1566
4/16/2023,Zurich ZLF_id_tf_wc_sd_Broad IG_vid_Musibah_video ramadhan_RevoU_14042023,Zurich ZLF,id,tf,wc,sd,Broad IG,vid,Musibah,video ramadhan,12930,0,0,0,0,0,133,115
4/17/2023,Zurich ZLF_id_tf_wc_sd_Broad IG_vid_Musibah_video ramadhan_RevoU_14042023,Zurich ZLF,id,tf,wc,sd,Broad IG,vid,Musibah,video ramadhan,4592,0,0,0,0,0,128,115
4/18/2023,Zurich ZLF_id_tf_wc_sd_Broad IG_vid_Musibah_video ramadhan_RevoU_14042023,Zurich ZLF,id,tf,wc,sd,Broad IG,vid,Musibah,video ramadhan,4354,0,0,0,0,0,210,176
4/19/2023,Zurich ZLF_id_tf_wc_sd_Broad IG_vid_Musibah_video ramadhan_RevoU_14042023,Zurich ZLF,id,tf,wc,sd,Broad IG,vid,Musibah,video ramadhan,4605,0,0,0,0,0,88,77
4/20/2023,Zurich ZLF_id_tf_wc_sd_Broad IG_vid_Musibah_video ramadhan_RevoU_14042023,Zurich ZLF,id,tf,wc,sd,Broad IG,vid,Musibah,video ramadhan,7121,0,0,0,0,0,121,108
4/21/2023,Zurich ZLF_id_tf_wc_sd_Broad IG_vid_Musibah_video ramadhan_RevoU_14042023,Zurich ZLF,id,tf,wc,sd,Broad IG,vid,Musibah,video ramadhan,5212,0,0,1,0,0,73,67
4/22/2023,Zurich ZLF_id_tf_wc_sd_Broad IG_vid_Musibah_video ramadhan_RevoU_14042023,Zurich ZLF,id,tf,wc,sd,Broad IG,vid,Musibah,video ramadhan,77,0,0,0,0,0,4,4
4/14/2023,Zurich ZLF_id_mf_wc_sd_Healthcare_vid_Musibah_video ramadhan_RevoU_14042023,Zurich ZLF,id,mf,wc,sd,Healthcare,vid,Musibah,video ramadhan,5755,0,0,0,0,0,60,57
4/15/2023,Zurich ZLF_id_mf_wc_sd_Healthcare_vid_Musibah_video ramadhan_RevoU_14042023,Zurich ZLF,id,mf,wc,sd,Healthcare,vid,Musibah,video ramadhan,10116,0,0,2,1,3,250,247
4/16/2023,Zurich ZLF_id_mf_wc_sd_Healthcare_vid_Musibah_video ramadhan_RevoU_14042023,Zurich ZLF,id,mf,wc,sd,Healthcare,vid,Musibah,video ramadhan,272,0,0,0,0,0,6,6
4/17/2023,Zurich ZLF_id_mf_wc_sd_Healthcare_vid_Musibah_video ramadhan_RevoU_14042023,Zurich ZLF,id,mf,wc,sd,Healthcare,vid,Musibah,video ramadhan,559,0,0,0,0,0,3,3
4/18/2023,Zurich ZLF_id_mf_wc_sd_Healthcare_vid_Musibah_video ramadhan_RevoU_14042023,Zurich ZLF,id,mf,wc,sd,Healthcare,vid,Musibah,video ramadhan,557,0,0,0,0,0,4,4
4/19/2023,Zurich ZLF_id_mf_wc_sd_Healthcare_vid_Musibah_video ramadhan_RevoU_14042023,Zurich ZLF,id,mf,wc,sd,Healthcare,vid,Musibah,video ramadhan,556,0,0,0,0,0,4,4
4/20/2023,Zurich ZLF_id_mf_wc_sd_Healthcare_vid_Musibah_video ramadhan_RevoU_14042023,Zurich ZLF,id,mf,wc,sd,Healthcare,vid,Musibah,video ramadhan,547,0,0,0,0,0,5,5
4/21/2023,Zurich ZLF_id_mf_wc_sd_Healthcare_vid_Musibah_video ramadhan_RevoU_14042023,Zurich ZLF,id,mf,wc,sd,Healthcare,vid,Musibah,video ramadhan,858,0,0,0,0,0,6,6
4/22/2023,Zurich ZLF_id_mf_wc_sd_Healthcare_vid_Musibah_video ramadhan_RevoU_14042023,Zurich ZLF,id,mf,wc,sd,Healthcare,vid,Musibah,video ramadhan,41,0,0,0,0,0,1,1
4/15/2023,Zurich ZLF_id_tf_wc_sd_General Insurance IG_vid_Musibah_video ramadhan_RevoU_14042023,Zurich ZLF,id,tf,wc,sd,General Insurance IG,vid,Musibah,video ramadhan,20504,0,0,0,0,0,578,552
4/16/2023,Zurich ZLF_id_tf_wc_sd_General Insurance IG_vid_Musibah_video ramadhan_RevoU_14042023,Zurich ZLF,id,tf,wc,sd,General Insurance IG,vid,Musibah,video ramadhan,7689,0,0,0,0,0,40,37
4/17/2023,Zurich ZLF_id_tf_wc_sd_General Insurance IG_vid_Musibah_video ramadhan_RevoU_14042023,Zurich ZLF,id,tf,wc,sd,General Insurance IG,vid,Musibah,video ramadhan,1724,0,0,0,0,0,26,25
4/18/2023,Zurich ZLF_id_tf_wc_sd_General Insurance IG_vid_Musibah_video ramadhan_RevoU_14042023,Zurich ZLF,id,tf,wc,sd,General Insurance IG,vid,Musibah,video ramadhan,4452,0,0,0,0,0,63,54
4/19/2023,Zurich ZLF_id_tf_wc_sd_General Insurance IG_vid_Musibah_video ramadhan_RevoU_14042023,Zurich ZLF,id,tf,wc,sd,General Insurance IG,vid,Musibah,video ramadhan,681,0,0,0,0,1,29,27
4/20/2023,Zurich ZLF_id_tf_wc_sd_General Insurance IG_vid_Musibah_video ramadhan_RevoU_14042023,Zurich ZLF,id,tf,wc,sd,General Insurance IG,vid,Musibah,video ramadhan,4195,0,0,0,0,0,43,38
4/21/2023,Zurich ZLF_id_tf_wc_sd_General Insurance IG_vid_Musibah_video ramadhan_RevoU_14042023,Zurich ZLF,id,tf,wc,sd,General Insurance IG,vid,Musibah,video ramadhan,980,0,0,0,0,0,30,24
4/22/2023,Zurich ZLF_id_tf_wc_sd_General Insurance IG_vid_Musibah_video ramadhan_RevoU_14042023,Zurich ZLF,id,tf,wc,sd,General Insurance IG,vid,Musibah,video ramadhan,45,0,0,0,0,0,4,4
4/14/2023,Zurich ZLF_id_tf_wc_sd_Sign Up Narrow Parents_vid_Musibah_video ramadhan_RevoU_14042023,Zurich ZLF,id,tf,wc,sd,Sign Up Narrow Parents,vid,Musibah,video ramadhan,3933,0,0,0,0,1,74,71
4/15/2023,Zurich ZLF_id_tf_wc_sd_Sign Up Narrow Parents_vid_Musibah_video ramadhan_RevoU_14042023,Zurich ZLF,id,tf,wc,sd,Sign Up Narrow Parents,vid,Musibah,video ramadhan,19623,0,0,0,2,2,321,305
4/16/2023,Zurich ZLF_id_tf_wc_sd_Sign Up Narrow Parents_vid_Musibah_video ramadhan_RevoU_14042023,Zurich ZLF,id,tf,wc,sd,Sign Up Narrow Parents,vid,Musibah,video ramadhan,11871,0,0,0,0,0,67,62
4/17/2023,Zurich ZLF_id_tf_wc_sd_Sign Up Narrow Parents_vid_Musibah_video ramadhan_RevoU_14042023,Zurich ZLF,id,tf,wc,sd,Sign Up Narrow Parents,vid,Musibah,video ramadhan,6104,0,0,0,2,1,48,45
4/18/2023,Zurich ZLF_id_tf_wc_sd_Sign Up Narrow Parents_vid_Musibah_video ramadhan_RevoU_14042023,Zurich ZLF,id,tf,wc,sd,Sign Up Narrow Parents,vid,Musibah,video ramadhan,3615,0,0,0,0,0,74,71
4/19/2023,Zurich ZLF_id_tf_wc_sd_Sign Up Narrow Parents_vid_Musibah_video ramadhan_RevoU_14042023,Zurich ZLF,id,tf,wc,sd,Sign Up Narrow Parents,vid,Musibah,video ramadhan,6564,0,0,0,0,1,54,50
4/20/2023,Zurich ZLF_id_tf_wc_sd_Sign Up Narrow Parents_vid_Musibah_video ramadhan_RevoU_14042023,Zurich ZLF,id,tf,wc,sd,Sign Up Narrow Parents,vid,Musibah,video ramadhan,8146,0,0,0,1,2,92,88
4/21/2023,Zurich ZLF_id_tf_wc_sd_Sign Up Narrow Parents_vid_Musibah_video ramadhan_RevoU_14042023,Zurich ZLF,id,tf,wc,sd,Sign Up Narrow Parents,vid,Musibah,video ramadhan,3668,0,0,0,1,1,92,89
4/22/2023,Zurich ZLF_id_tf_wc_sd_Sign Up Narrow Parents_vid_Musibah_video ramadhan_RevoU_14042023,Zurich ZLF,id,tf,wc,sd,Sign Up Narrow Parents,vid,Musibah,video ramadhan,135,0,0,0,0,0,2,2
4/14/2023,Zurich ZLF_id_bf_wc_cl_Customer List and Sign Up_vid_Musibah_video ramadhan_RevoU_14042023,Zurich ZLF,id,bf,wc,cl,Customer List and Sign Up,vid,Musibah,video ramadhan,25554,0,0,0,0,0,139,109
4/15/2023,Zurich ZLF_id_bf_wc_cl_Customer List and Sign Up_vid_Musibah_video ramadhan_RevoU_14042023,Zurich ZLF,id,bf,wc,cl,Customer List and Sign Up,vid,Musibah,video ramadhan,85557,0,0,0,1,3,345,252
4/16/2023,Zurich ZLF_id_bf_wc_cl_Customer List and Sign Up_vid_Musibah_video ramadhan_RevoU_14042023,Zurich ZLF,id,bf,wc,cl,Customer List and Sign Up,vid,Musibah,video ramadhan,36751,0,0,0,1,1,87,71
4/17/2023,Zurich ZLF_id_bf_wc_cl_Customer List and Sign Up_vid_Musibah_video ramadhan_RevoU_14042023,Zurich ZLF,id,bf,wc,cl,Customer List and Sign Up,vid,Musibah,video ramadhan,45230,0,0,1,1,1,125,91
4/18/2023,Zurich ZLF_id_bf_wc_cl_Customer List and Sign Up_vid_Musibah_video ramadhan_RevoU_14042023,Zurich ZLF,id,bf,wc,cl,Customer List and Sign Up,vid,Musibah,video ramadhan,67111,0,0,0,1,2,188,131
4/19/2023,Zurich ZLF_id_bf_wc_cl_Customer List and Sign Up_vid_Musibah_video ramadhan_RevoU_14042023,Zurich ZLF,id,bf,wc,cl,Customer List and Sign Up,vid,Musibah,video ramadhan,30876,0,0,1,2,2,174,125
4/20/2023,Zurich ZLF_id_bf_wc_cl_Customer List and Sign Up_vid_Musibah_video ramadhan_RevoU_14042023,Zurich ZLF,id,bf,wc,cl,Customer List and Sign Up,vid,Musibah,video ramadhan,50282,0,0,0,1,1,179,131
4/21/2023,Zurich ZLF_id_bf_wc_cl_Customer List and Sign Up_vid_Musibah_video ramadhan_RevoU_14042023,Zurich ZLF,id,bf,wc,cl,Customer List and Sign Up,vid,Musibah,video ramadhan,31571,0,0,0,0,0,150,115
4/22/2023,Zurich ZLF_id_bf_wc_cl_Customer List and Sign Up_vid_Musibah_video ramadhan_RevoU_14042023,Zurich ZLF,id,bf,wc,cl,Customer List and Sign Up,vid,Musibah,video ramadhan,455,0,0,0,0,0,9,9
4/14/2023,Zurich ZLF_id_tf_wc_sd_Sign Up_img_Ramadhan_image A_RevoU_14042023,Zurich ZLF,id,tf,wc,sd,Sign Up,img,Ramadhan,image A,17298,0,0,0,0,2,394,342
4/15/2023,Zurich ZLF_id_tf_wc_sd_Sign Up_img_Ramadhan_image A_RevoU_14042023,Zurich ZLF,id,tf,wc,sd,Sign Up,img,Ramadhan,image A,264164,0,0,5,43,46,3935,3278
4/16/2023,Zurich ZLF_id_tf_wc_sd_Sign Up_img_Ramadhan_image A_RevoU_14042023,Zurich ZLF,id,tf,wc,sd,Sign Up,img,Ramadhan,image A,195254,1,0,3,37,40,2706,2496
4/17/2023,Zurich ZLF_id_tf_wc_sd_Sign Up_img_Ramadhan_image A_RevoU_14042023,Zurich ZLF,id,tf,wc,sd,Sign Up,img,Ramadhan,image A,162244,0,0,0,23,24,3306,3127
4/18/2023,Zurich ZLF_id_tf_wc_sd_Sign Up_img_Ramadhan_image A_RevoU_14042023,Zurich ZLF,id,tf,wc,sd,Sign Up,img,Ramadhan,image A,188507,0,0,4,53,57,4523,4188
4/19/2023,Zurich ZLF_id_tf_wc_sd_Sign Up_img_Ramadhan_image A_RevoU_14042023,Zurich ZLF,id,tf,wc,sd,Sign Up,img,Ramadhan,image A,186774,0,0,1,32,36,4252,3896
4/20/2023,Zurich ZLF_id_tf_wc_sd_Sign Up_img_Ramadhan_image A_RevoU_14042023,Zurich ZLF,id,tf,wc,sd,Sign Up,img,Ramadhan,image A,111938,0,0,2,20,23,2986,2856
4/21/2023,Zurich ZLF_id_tf_wc_sd_Sign Up_img_Ramadhan_image A_RevoU_14042023,Zurich ZLF,id,tf,wc,sd,Sign Up,img,Ramadhan,image A,112489,0,0,3,34,35,3663,3497
4/22/2023,Zurich ZLF_id_tf_wc_sd_Sign Up_img_Ramadhan_image A_RevoU_14042023,Zurich ZLF,id,tf,wc,sd,Sign Up,img,Ramadhan,image A,6660,0,0,1,2,2,260,258
4/28/2023,Zurich ZLF_id_tf_wc_sd_Sign Up_img_Ramadhan_image A_RevoU_14042023,Zurich ZLF,id,tf,wc,sd,Sign Up,img,Ramadhan,image A,0,0,0,0,0,0,0,0
4/14/2023,Zurich ZLF_id_mf_wc_bd_Broad IG_img_Ramadhan_image A_RevoU_14042023,Zurich ZLF,id,mf,wc,bd,Broad IG,img,Ramadhan,image A,892,0,0,0,0,0,20,19
4/15/2023,Zurich ZLF_id_mf_wc_bd_Broad IG_img_Ramadhan_image A_RevoU_14042023,Zurich ZLF,id,mf,wc,bd,Broad IG,img,Ramadhan,image A,48155,0,0,1,9,9,521,473
4/16/2023,Zurich ZLF_id_mf_wc_bd_Broad IG_img_Ramadhan_image A_RevoU_14042023,Zurich ZLF,id,mf,wc,bd,Broad IG,img,Ramadhan,image A,51811,0,0,1,7,7,611,572
4/17/2023,Zurich ZLF_id_mf_wc_bd_Broad IG_img_Ramadhan_image A_RevoU_14042023,Zurich ZLF,id,mf,wc,bd,Broad IG,img,Ramadhan,image A,47679,0,0,0,9,9,896,837
4/18/2023,Zurich ZLF_id_mf_wc_bd_Broad IG_img_Ramadhan_image A_RevoU_14042023,Zurich ZLF,id,mf,wc,bd,Broad IG,img,Ramadhan,image A,49109,0,0,2,11,11,1155,1087
4/19/2023,Zurich ZLF_id_mf_wc_bd_Broad IG_img_Ramadhan_image A_RevoU_14042023,Zurich ZLF,id,mf,wc,bd,Broad IG,img,Ramadhan,image A,47134,0,0,2,12,11,1159,1085
4/20/2023,Zurich ZLF_id_mf_wc_bd_Broad IG_img_Ramadhan_image A_RevoU_14042023,Zurich ZLF,id,mf,wc,bd,Broad IG,img,Ramadhan,image A,36137,0,0,1,10,11,952,917
4/21/2023,Zurich ZLF_id_mf_wc_bd_Broad IG_img_Ramadhan_image A_RevoU_14042023,Zurich ZLF,id,mf,wc,bd,Broad IG,img,Ramadhan,image A,22909,0,0,1,9,9,687,661
4/22/2023,Zurich ZLF_id_mf_wc_bd_Broad IG_img_Ramadhan_image A_RevoU_14042023,Zurich ZLF,id,mf,wc,bd,Broad IG,img,Ramadhan,image A,2365,0,0,0,0,0,55,53
4/14/2023,Zurich ZLF_id_tf_wc_sd_Broad IG_img_Ramadhan_image A_RevoU_14042023,Zurich ZLF,id,tf,wc,sd,Broad IG,img,Ramadhan,image A,11224,0,0,0,0,0,349,316
4/15/2023,Zurich ZLF_id_tf_wc_sd_Broad IG_img_Ramadhan_image A_RevoU_14042023,Zurich ZLF,id,tf,wc,sd,Broad IG,img,Ramadhan,image A,153989,0,0,0,17,16,3064,2669
4/16/2023,Zurich ZLF_id_tf_wc_sd_Broad IG_img_Ramadhan_image A_RevoU_14042023,Zurich ZLF,id,tf,wc,sd,Broad IG,img,Ramadhan,image A,154306,0,0,3,35,40,2607,2367
4/17/2023,Zurich ZLF_id_tf_wc_sd_Broad IG_img_Ramadhan_image A_RevoU_14042023,Zurich ZLF,id,tf,wc,sd,Broad IG,img,Ramadhan,image A,157699,0,0,1,32,33,4453,4154
4/18/2023,Zurich ZLF_id_tf_wc_sd_Broad IG_img_Ramadhan_image A_RevoU_14042023,Zurich ZLF,id,tf,wc,sd,Broad IG,img,Ramadhan,image A,163534,0,0,1,31,35,5413,4998
4/19/2023,Zurich ZLF_id_tf_wc_sd_Broad IG_img_Ramadhan_image A_RevoU_14042023,Zurich ZLF,id,tf,wc,sd,Broad IG,img,Ramadhan,image A,149115,0,1,2,30,31,4316,4081
4/20/2023,Zurich ZLF_id_tf_wc_sd_Broad IG_img_Ramadhan_image A_RevoU_14042023,Zurich ZLF,id,tf,wc,sd,Broad IG,img,Ramadhan,image A,89946,0,0,2,18,19,3546,3399
4/21/2023,Zurich ZLF_id_tf_wc_sd_Broad IG_img_Ramadhan_image A_RevoU_14042023,Zurich ZLF,id,tf,wc,sd,Broad IG,img,Ramadhan,image A,108917,0,0,2,21,26,4060,3883
4/22/2023,Zurich ZLF_id_tf_wc_sd_Broad IG_img_Ramadhan_image A_RevoU_14042023,Zurich ZLF,id,tf,wc,sd,Broad IG,img,Ramadhan,image A,5938,0,0,0,0,2,238,232
4/14/2023,Zurich ZLF_id_mf_wc_sd_Healthcare_img_Ramadhan_image A_RevoU_14042023,Zurich ZLF,id,mf,wc,sd,Healthcare,img,Ramadhan,image A,3588,0,0,0,0,1,45,40
4/15/2023,Zurich ZLF_id_mf_wc_sd_Healthcare_img_Ramadhan_image A_RevoU_14042023,Zurich ZLF,id,mf,wc,sd,Healthcare,img,Ramadhan,image A,96233,0,0,2,17,21,1028,912
4/16/2023,Zurich ZLF_id_mf_wc_sd_Healthcare_img_Ramadhan_image A_RevoU_14042023,Zurich ZLF,id,mf,wc,sd,Healthcare,img,Ramadhan,image A,100351,0,0,0,24,26,1271,1137
4/17/2023,Zurich ZLF_id_mf_wc_sd_Healthcare_img_Ramadhan_image A_RevoU_14042023,Zurich ZLF,id,mf,wc,sd,Healthcare,img,Ramadhan,image A,95642,0,0,3,26,29,1916,1777
4/18/2023,Zurich ZLF_id_mf_wc_sd_Healthcare_img_Ramadhan_image A_RevoU_14042023,Zurich ZLF,id,mf,wc,sd,Healthcare,img,Ramadhan,image A,98316,0,0,0,26,26,2808,2603
4/19/2023,Zurich ZLF_id_mf_wc_sd_Healthcare_img_Ramadhan_image A_RevoU_14042023,Zurich ZLF,id,mf,wc,sd,Healthcare,img,Ramadhan,image A,92413,0,0,1,17,17,2458,2291
4/20/2023,Zurich ZLF_id_mf_wc_sd_Healthcare_img_Ramadhan_image A_RevoU_14042023,Zurich ZLF,id,mf,wc,sd,Healthcare,img,Ramadhan,image A,85225,0,0,0,10,12,2612,2506
4/21/2023,Zurich ZLF_id_mf_wc_sd_Healthcare_img_Ramadhan_image A_RevoU_14042023,Zurich ZLF,id,mf,wc,sd,Healthcare,img,Ramadhan,image A,61957,0,0,1,12,13,2230,2141
4/22/2023,Zurich ZLF_id_mf_wc_sd_Healthcare_img_Ramadhan_image A_RevoU_14042023,Zurich ZLF,id,mf,wc,sd,Healthcare,img,Ramadhan,image A,6191,0,0,0,2,1,198,195
4/14/2023,Zurich ZLF_id_tf_wc_sd_General Insurance IG_img_Ramadhan_image A_RevoU_14042023,Zurich ZLF,id,tf,wc,sd,General Insurance IG,img,Ramadhan,image A,7769,0,0,1,0,0,125,112
4/15/2023,Zurich ZLF_id_tf_wc_sd_General Insurance IG_img_Ramadhan_image A_RevoU_14042023,Zurich ZLF,id,tf,wc,sd,General Insurance IG,img,Ramadhan,image A,77890,0,0,0,13,14,1679,1524
4/16/2023,Zurich ZLF_id_tf_wc_sd_General Insurance IG_img_Ramadhan_image A_RevoU_14042023,Zurich ZLF,id,tf,wc,sd,General Insurance IG,img,Ramadhan,image A,74554,0,0,0,11,10,1469,1343
4/17/2023,Zurich ZLF_id_tf_wc_sd_General Insurance IG_img_Ramadhan_image A_RevoU_14042023,Zurich ZLF,id,tf,wc,sd,General Insurance IG,img,Ramadhan,image A,74821,0,0,1,13,14,1903,1806
4/18/2023,Zurich ZLF_id_tf_wc_sd_General Insurance IG_img_Ramadhan_image A_RevoU_14042023,Zurich ZLF,id,tf,wc,sd,General Insurance IG,img,Ramadhan,image A,76959,0,0,0,11,15,2508,2360
4/19/2023,Zurich ZLF_id_tf_wc_sd_General Insurance IG_img_Ramadhan_image A_RevoU_14042023,Zurich ZLF,id,tf,wc,sd,General Insurance IG,img,Ramadhan,image A,79934,0,0,1,12,14,2230,2115
4/20/2023,Zurich ZLF_id_tf_wc_sd_General Insurance IG_img_Ramadhan_image A_RevoU_14042023,Zurich ZLF,id,tf,wc,sd,General Insurance IG,img,Ramadhan,image A,47938,0,0,1,10,10,1737,1677
4/21/2023,Zurich ZLF_id_tf_wc_sd_General Insurance IG_img_Ramadhan_image A_RevoU_14042023,Zurich ZLF,id,tf,wc,sd,General Insurance IG,img,Ramadhan,image A,52152,0,0,0,10,12,2065,1974
4/22/2023,Zurich ZLF_id_tf_wc_sd_General Insurance IG_img_Ramadhan_image A_RevoU_14042023,Zurich ZLF,id,tf,wc,sd,General Insurance IG,img,Ramadhan,image A,4181,0,0,0,0,0,144,141
4/14/2023,Zurich ZLF_id_tf_wc_sd_Sign Up Narrow Parents_img_Ramadhan_image A_RevoU_14042023,Zurich ZLF,id,tf,wc,sd,Sign Up Narrow Parents,img,Ramadhan,image A,15437,0,0,0,2,2,210,186
4/15/2023,Zurich ZLF_id_tf_wc_sd_Sign Up Narrow Parents_img_Ramadhan_image A_RevoU_14042023,Zurich ZLF,id,tf,wc,sd,Sign Up Narrow Parents,img,Ramadhan,image A,176309,0,0,1,25,26,2841,2440
4/16/2023,Zurich ZLF_id_tf_wc_sd_Sign Up Narrow Parents_img_Ramadhan_image A_RevoU_14042023,Zurich ZLF,id,tf,wc,sd,Sign Up Narrow Parents,img,Ramadhan,image A,163710,0,0,2,30,30,2246,2069
4/17/2023,Zurich ZLF_id_tf_wc_sd_Sign Up Narrow Parents_img_Ramadhan_image A_RevoU_14042023,Zurich ZLF,id,tf,wc,sd,Sign Up Narrow Parents,img,Ramadhan,image A,154889,0,0,2,33,36,3320,3137
4/18/2023,Zurich ZLF_id_tf_wc_sd_Sign Up Narrow Parents_img_Ramadhan_image A_RevoU_14042023,Zurich ZLF,id,tf,wc,sd,Sign Up Narrow Parents,img,Ramadhan,image A,155343,0,0,5,39,40,3969,3718
4/19/2023,Zurich ZLF_id_tf_wc_sd_Sign Up Narrow Parents_img_Ramadhan_image A_RevoU_14042023,Zurich ZLF,id,tf,wc,sd,Sign Up Narrow Parents,img,Ramadhan,image A,154183,0,0,3,22,23,3303,3096
4/20/2023,Zurich ZLF_id_tf_wc_sd_Sign Up Narrow Parents_img_Ramadhan_image A_RevoU_14042023,Zurich ZLF,id,tf,wc,sd,Sign Up Narrow Parents,img,Ramadhan,image A,85505,0,0,3,20,21,2816,2694
4/21/2023,Zurich ZLF_id_tf_wc_sd_Sign Up Narrow Parents_img_Ramadhan_image A_RevoU_14042023,Zurich ZLF,id,tf,wc,sd,Sign Up Narrow Parents,img,Ramadhan,image A,101309,0,0,2,21,21,3265,3152
4/22/2023,Zurich ZLF_id_tf_wc_sd_Sign Up Narrow Parents_img_Ramadhan_image A_RevoU_14042023,Zurich ZLF,id,tf,wc,sd,Sign Up Narrow Parents,img,Ramadhan,image A,6068,0,0,0,1,1,201,199
4/14/2023,Zurich ZLF_id_bf_wc_cl_Customer List and Sign Up_img_Ramadhan_image A_RevoU_14042023,Zurich ZLF,id,bf,wc,cl,Customer List and Sign Up,img,Ramadhan,image A,31213,0,0,0,1,1,294,215
4/15/2023,Zurich ZLF_id_bf_wc_cl_Customer List and Sign Up_img_Ramadhan_image A_RevoU_14042023,Zurich ZLF,id,bf,wc,cl,Customer List and Sign Up,img,Ramadhan,image A,277117,0,0,3,23,24,1374,700
4/16/2023,Zurich ZLF_id_bf_wc_cl_Customer List and Sign Up_img_Ramadhan_image A_RevoU_14042023,Zurich ZLF,id,bf,wc,cl,Customer List and Sign Up,img,Ramadhan,image A,172371,1,0,5,13,15,751,464
4/17/2023,Zurich ZLF_id_bf_wc_cl_Customer List and Sign Up_img_Ramadhan_image A_RevoU_14042023,Zurich ZLF,id,bf,wc,cl,Customer List and Sign Up,img,Ramadhan,image A,129485,0,2,3,4,5,759,492
4/18/2023,Zurich ZLF_id_bf_wc_cl_Customer List and Sign Up_img_Ramadhan_image A_RevoU_14042023,Zurich ZLF,id,bf,wc,cl,Customer List and Sign Up,img,Ramadhan,image A,145278,0,0,0,5,7,909,551
4/19/2023,Zurich ZLF_id_bf_wc_cl_Customer List and Sign Up_img_Ramadhan_image A_RevoU_14042023,Zurich ZLF,id,bf,wc,cl,Customer List and Sign Up,img,Ramadhan,image A,147561,0,0,2,4,6,1149,626
4/20/2023,Zurich ZLF_id_bf_wc_cl_Customer List and Sign Up_img_Ramadhan_image A_RevoU_14042023,Zurich ZLF,id,bf,wc,cl,Customer List and Sign Up,img,Ramadhan,image A,88997,0,1,0,1,3,532,340
4/21/2023,Zurich ZLF_id_bf_wc_cl_Customer List and Sign Up_img_Ramadhan_image A_RevoU_14042023,Zurich ZLF,id,bf,wc,cl,Customer List and Sign Up,img,Ramadhan,image A,91394,0,0,0,5,6,870,493
4/22/2023,Zurich ZLF_id_bf_wc_cl_Customer List and Sign Up_img_Ramadhan_image A_RevoU_14042023,Zurich ZLF,id,bf,wc,cl,Customer List and Sign Up,img,Ramadhan,image A,5635,0,0,0,0,0,54,46
3/11/2023,Zurich ZLF_id_tf_wc_la_Sign Up_vid_Self Reward_Overthinking Woman_RevoU_10032023,Zurich ZLF,id,tf,wc,la,Sign Up,vid,Self Reward,Overthinking Woman,92563,0,0,2,7,8,1605,1481
3/12/2023,Zurich ZLF_id_tf_wc_la_Sign Up_vid_Self Reward_Overthinking Woman_RevoU_10032023,Zurich ZLF,id,tf,wc,la,Sign Up,vid,Self Reward,Overthinking Woman,141558,0,0,1,15,20,2866,2601
3/14/2023,Zurich ZLF_id_tf_wc_la_Sign Up_vid_Self Reward_Overthinking Woman_RevoU_10032023,Zurich ZLF,id,tf,wc,la,Sign Up,vid,Self Reward,Overthinking Woman,77633,0,0,1,8,9,1769,1698
3/15/2023,Zurich ZLF_id_tf_wc_la_Sign Up_vid_Self Reward_Overthinking Woman_RevoU_10032023,Zurich ZLF,id,tf,wc,la,Sign Up,vid,Self Reward,Overthinking Woman,76314,0,0,0,4,9,1968,1918
3/16/2023,Zurich ZLF_id_tf_wc_la_Sign Up_vid_Self Reward_Overthinking Woman_RevoU_10032023,Zurich ZLF,id,tf,wc,la,Sign Up,vid,Self Reward,Overthinking Woman,134980,0,0,4,11,15,4417,4275
3/17/2023,Zurich ZLF_id_tf_wc_la_Sign Up_vid_Self Reward_Overthinking Woman_RevoU_10032023,Zurich ZLF,id,tf,wc,la,Sign Up,vid,Self Reward,Overthinking Woman,125136,0,0,1,8,11,4369,4267
3/18/2023,Zurich ZLF_id_tf_wc_la_Sign Up_vid_Self Reward_Overthinking Woman_RevoU_10032023,Zurich ZLF,id,tf,wc,la,Sign Up,vid,Self Reward,Overthinking Woman,126049,0,0,3,7,10,3815,3780
3/19/2023,Zurich ZLF_id_tf_wc_la_Sign Up_vid_Self Reward_Overthinking Woman_RevoU_10032023,Zurich ZLF,id,tf,wc,la,Sign Up,vid,Self Reward,Overthinking Woman,120304,0,0,4,20,21,2970,2911
3/20/2023,Zurich ZLF_id_tf_wc_la_Sign Up_vid_Self Reward_Overthinking Woman_RevoU_10032023,Zurich ZLF,id,tf,wc,la,Sign Up,vid,Self Reward,Overthinking Woman,100414,0,0,1,9,12,2194,2153
3/21/2023,Zurich ZLF_id_tf_wc_la_Sign Up_vid_Self Reward_Overthinking Woman_RevoU_10032023,Zurich ZLF,id,tf,wc,la,Sign Up,vid,Self Reward,Overthinking Woman,106148,0,0,3,10,12,2177,2131
3/22/2023,Zurich ZLF_id_tf_wc_la_Sign Up_vid_Self Reward_Overthinking Woman_RevoU_10032023,Zurich ZLF,id,tf,wc,la,Sign Up,vid,Self Reward,Overthinking Woman,108990,0,0,0,6,8,2323,2258
3/23/2023,Zurich ZLF_id_tf_wc_la_Sign Up_vid_Self Reward_Overthinking Woman_RevoU_10032023,Zurich ZLF,id,tf,wc,la,Sign Up,vid,Self Reward,Overthinking Woman,55049,0,0,1,8,10,1239,1215
3/24/2023,Zurich ZLF_id_tf_wc_la_Sign Up_vid_Self Reward_Overthinking Woman_RevoU_10032023,Zurich ZLF,id,tf,wc,la,Sign Up,vid,Self Reward,Overthinking Woman,117668,0,0,1,9,11,1792,1749
3/25/2023,Zurich ZLF_id_tf_wc_la_Sign Up_vid_Self Reward_Overthinking Woman_RevoU_10032023,Zurich ZLF,id,tf,wc,la,Sign Up,vid,Self Reward,Overthinking Woman,120739,0,1,5,10,13,2368,2299
3/26/2023,Zurich ZLF_id_tf_wc_la_Sign Up_vid_Self Reward_Overthinking Woman_RevoU_10032023,Zurich ZLF,id,tf,wc,la,Sign Up,vid,Self Reward,Overthinking Woman,113673,0,0,1,9,13,2115,2055
3/27/2023,Zurich ZLF_id_tf_wc_la_Sign Up_vid_Self Reward_Overthinking Woman_RevoU_10032023,Zurich ZLF,id,tf,wc,la,Sign Up,vid,Self Reward,Overthinking Woman,91645,0,0,1,14,16,2082,2024
3/28/2023,Zurich ZLF_id_tf_wc_la_Sign Up_vid_Self Reward_Overthinking Woman_RevoU_10032023,Zurich ZLF,id,tf,wc,la,Sign Up,vid,Self Reward,Overthinking Woman,144890,0,0,0,15,23,3458,3349
3/29/2023,Zurich ZLF_id_tf_wc_la_Sign Up_vid_Self Reward_Overthinking Woman_RevoU_10032023,Zurich ZLF,id,tf,wc,la,Sign Up,vid,Self Reward,Overthinking Woman,205530,0,0,3,19,23,5004,4879
3/30/2023,Zurich ZLF_id_tf_wc_la_Sign Up_vid_Self Reward_Overthinking Woman_RevoU_10032023,Zurich ZLF,id,tf,wc,la,Sign Up,vid,Self Reward,Overthinking Woman,184223,0,0,1,16,23,4980,4835
3/31/2023,Zurich ZLF_id_tf_wc_la_Sign Up_vid_Self Reward_Overthinking Woman_RevoU_10032023,Zurich ZLF,id,tf,wc,la,Sign Up,vid,Self Reward,Overthinking Woman,180438,0,0,2,20,22,3919,3811
4/1/2023,Zurich ZLF_id_tf_wc_la_Sign Up_vid_Self Reward_Overthinking Woman_RevoU_10032023,Zurich ZLF,id,tf,wc,la,Sign Up,vid,Self Reward,Overthinking Woman,198861,0,0,4,19,22,3937,3820
4/2/2023,Zurich ZLF_id_tf_wc_la_Sign Up_vid_Self Reward_Overthinking Woman_RevoU_10032023,Zurich ZLF,id,tf,wc,la,Sign Up,vid,Self Reward,Overthinking Woman,195204,0,3,3,23,31,4549,4414
4/3/2023,Zurich ZLF_id_tf_wc_la_Sign Up_vid_Self Reward_Overthinking Woman_RevoU_10032023,Zurich ZLF,id,tf,wc,la,Sign Up,vid,Self Reward,Overthinking Woman,171574,0,0,2,13,13,3811,3672
4/4/2023,Zurich ZLF_id_tf_wc_la_Sign Up_vid_Self Reward_Overthinking Woman_RevoU_10032023,Zurich ZLF,id,tf,wc,la,Sign Up,vid,Self Reward,Overthinking Woman,118476,0,1,0,5,10,1689,1608
4/5/2023,Zurich ZLF_id_tf_wc_la_Sign Up_vid_Self Reward_Overthinking Woman_RevoU_10032023,Zurich ZLF,id,tf,wc,la,Sign Up,vid,Self Reward,Overthinking Woman,65478,0,0,1,4,6,943,919
4/6/2023,Zurich ZLF_id_tf_wc_la_Sign Up_vid_Self Reward_Overthinking Woman_RevoU_10032023,Zurich ZLF,id,tf,wc,la,Sign Up,vid,Self Reward,Overthinking Woman,75024,0,1,2,4,5,1078,1037
4/7/2023,Zurich ZLF_id_tf_wc_la_Sign Up_vid_Self Reward_Overthinking Woman_RevoU_10032023,Zurich ZLF,id,tf,wc,la,Sign Up,vid,Self Reward,Overthinking Woman,121101,0,0,0,1,4,1253,1229
4/8/2023,Zurich ZLF_id_tf_wc_la_Sign Up_vid_Self Reward_Overthinking Woman_RevoU_10032023,Zurich ZLF,id,tf,wc,la,Sign Up,vid,Self Reward,Overthinking Woman,83332,0,0,1,7,7,1445,1416
4/9/2023,Zurich ZLF_id_tf_wc_la_Sign Up_vid_Self Reward_Overthinking Woman_RevoU_10032023,Zurich ZLF,id,tf,wc,la,Sign Up,vid,Self Reward,Overthinking Woman,90648,0,0,0,3,4,1356,1323
4/10/2023,Zurich ZLF_id_tf_wc_la_Sign Up_vid_Self Reward_Overthinking Woman_RevoU_10032023,Zurich ZLF,id,tf,wc,la,Sign Up,vid,Self Reward,Overthinking Woman,97205,0,0,1,6,6,1667,1597
4/11/2023,Zurich ZLF_id_tf_wc_la_Sign Up_vid_Self Reward_Overthinking Woman_RevoU_10032023,Zurich ZLF,id,tf,wc,la,Sign Up,vid,Self Reward,Overthinking Woman,100443,0,0,2,10,13,1612,1549
4/12/2023,Zurich ZLF_id_tf_wc_la_Sign Up_vid_Self Reward_Overthinking Woman_RevoU_10032023,Zurich ZLF,id,tf,wc,la,Sign Up,vid,Self Reward,Overthinking Woman,100476,0,0,0,6,7,1397,1319
4/13/2023,Zurich ZLF_id_tf_wc_la_Sign Up_vid_Self Reward_Overthinking Woman_RevoU_10032023,Zurich ZLF,id,tf,wc,la,Sign Up,vid,Self Reward,Overthinking Woman,102117,0,0,2,11,13,2050,1953
4/14/2023,Zurich ZLF_id_tf_wc_la_Sign Up_vid_Self Reward_Overthinking Woman_RevoU_10032023,Zurich ZLF,id,tf,wc,la,Sign Up,vid,Self Reward,Overthinking Woman,95575,0,0,1,5,5,1965,1901
4/16/2023,Zurich ZLF_id_tf_wc_la_Sign Up_vid_Self Reward_Overthinking Woman_RevoU_10032023,Zurich ZLF,id,tf,wc,la,Sign Up,vid,Self Reward,Overthinking Woman,0,0,2,1,0,0,0,0
4/22/2023,Zurich ZLF_id_tf_wc_la_Sign Up_vid_Self Reward_Overthinking Woman_RevoU_10032023,Zurich ZLF,id,tf,wc,la,Sign Up,vid,Self Reward,Overthinking Woman,120810,0,0,2,18,23,2911,2809
4/23/2023,Zurich ZLF_id_tf_wc_la_Sign Up_vid_Self Reward_Overthinking Woman_RevoU_10032023,Zurich ZLF,id,tf,wc,la,Sign Up,vid,Self Reward,Overthinking Woman,108828,0,0,0,7,8,2057,1997
4/24/2023,Zurich ZLF_id_tf_wc_la_Sign Up_vid_Self Reward_Overthinking Woman_RevoU_10032023,Zurich ZLF,id,tf,wc,la,Sign Up,vid,Self Reward,Overthinking Woman,78728,0,0,0,12,12,1959,1924
4/25/2023,Zurich ZLF_id_tf_wc_la_Sign Up_vid_Self Reward_Overthinking Woman_RevoU_10032023,Zurich ZLF,id,tf,wc,la,Sign Up,vid,Self Reward,Overthinking Woman,51365,0,1,1,6,10,1173,1147
4/26/2023,Zurich ZLF_id_tf_wc_la_Sign Up_vid_Self Reward_Overthinking Woman_RevoU_10032023,Zurich ZLF,id,tf,wc,la,Sign Up,vid,Self Reward,Overthinking Woman,68938,0,0,2,5,7,1327,1279
4/27/2023,Zurich ZLF_id_tf_wc_la_Sign Up_vid_Self Reward_Overthinking Woman_RevoU_10032023,Zurich ZLF,id,tf,wc,la,Sign Up,vid,Self Reward,Overthinking Woman,74346,0,0,1,6,5,1468,1407
4/28/2023,Zurich ZLF_id_tf_wc_la_Sign Up_vid_Self Reward_Overthinking Woman_RevoU_10032023,Zurich ZLF,id,tf,wc,la,Sign Up,vid,Self Reward,Overthinking Woman,103615,0,0,0,11,15,2086,1958
4/29/2023,Zurich ZLF_id_tf_wc_la_Sign Up_vid_Self Reward_Overthinking Woman_RevoU_10032023,Zurich ZLF,id,tf,wc,la,Sign Up,vid,Self Reward,Overthinking Woman,100642,0,0,1,11,11,1845,1721
4/30/2023,Zurich ZLF_id_tf_wc_la_Sign Up_vid_Self Reward_Overthinking Woman_RevoU_10032023,Zurich ZLF,id,tf,wc,la,Sign Up,vid,Self Reward,Overthinking Woman,141262,0,0,0,11,15,2591,2452
3/11/2023,Zurich ZLF_id_mf_sl_bd_Broad IG_vid_Self Reward_Overthinking Woman_RevoU_10032023,Zurich ZLF,id,mf,sl,bd,Broad IG,vid,Self Reward,Overthinking Woman,15,0,0,0,0,0,1,1
3/12/2023,Zurich ZLF_id_mf_sl_bd_Broad IG_vid_Self Reward_Overthinking Woman_RevoU_10032023,Zurich ZLF,id,mf,sl,bd,Broad IG,vid,Self Reward,Overthinking Woman,24,0,0,0,0,0,1,1
3/14/2023,Zurich ZLF_id_mf_wc_bd_Broad IG_vid_Self Reward_Overthinking Woman_RevoU_13032023,Zurich ZLF,id,mf,wc,bd,Broad IG,vid,Self Reward,Overthinking Woman,1460,0,0,0,0,0,33,32
3/15/2023,Zurich ZLF_id_mf_wc_bd_Broad IG_vid_Self Reward_Overthinking Woman_RevoU_13032023,Zurich ZLF,id,mf,wc,bd,Broad IG,vid,Self Reward,Overthinking Woman,668,0,0,0,0,0,19,19
3/16/2023,Zurich ZLF_id_mf_wc_bd_Broad IG_vid_Self Reward_Overthinking Woman_RevoU_13032023,Zurich ZLF,id,mf,wc,bd,Broad IG,vid,Self Reward,Overthinking Woman,727,0,0,0,0,0,16,16
3/17/2023,Zurich ZLF_id_mf_wc_bd_Broad IG_vid_Self Reward_Overthinking Woman_RevoU_13032023,Zurich ZLF,id,mf,wc,bd,Broad IG,vid,Self Reward,Overthinking Woman,633,0,0,0,0,0,13,13
3/18/2023,Zurich ZLF_id_mf_wc_bd_Broad IG_vid_Self Reward_Overthinking Woman_RevoU_13032023,Zurich ZLF,id,mf,wc,bd,Broad IG,vid,Self Reward,Overthinking Woman,277,0,0,1,1,1,2,2
3/19/2023,Zurich ZLF_id_mf_wc_bd_Broad IG_vid_Self Reward_Overthinking Woman_RevoU_13032023,Zurich ZLF,id,mf,wc,bd,Broad IG,vid,Self Reward,Overthinking Woman,209,0,0,0,0,0,2,1
3/20/2023,Zurich ZLF_id_mf_wc_bd_Broad IG_vid_Self Reward_Overthinking Woman_RevoU_13032023,Zurich ZLF,id,mf,wc,bd,Broad IG,vid,Self Reward,Overthinking Woman,415,0,0,0,0,0,7,7
3/21/2023,Zurich ZLF_id_mf_wc_bd_Broad IG_vid_Self Reward_Overthinking Woman_RevoU_13032023,Zurich ZLF,id,mf,wc,bd,Broad IG,vid,Self Reward,Overthinking Woman,10704,0,0,0,1,0,185,182
3/22/2023,Zurich ZLF_id_mf_wc_bd_Broad IG_vid_Self Reward_Overthinking Woman_RevoU_13032023,Zurich ZLF,id,mf,wc,bd,Broad IG,vid,Self Reward,Overthinking Woman,52690,0,0,1,9,13,1046,1022
3/23/2023,Zurich ZLF_id_mf_wc_bd_Broad IG_vid_Self Reward_Overthinking Woman_RevoU_13032023,Zurich ZLF,id,mf,wc,bd,Broad IG,vid,Self Reward,Overthinking Woman,42234,0,0,0,7,10,1081,1054
3/24/2023,Zurich ZLF_id_mf_wc_bd_Broad IG_vid_Self Reward_Overthinking Woman_RevoU_13032023,Zurich ZLF,id,mf,wc,bd,Broad IG,vid,Self Reward,Overthinking Woman,47067,0,0,0,8,11,945,930
3/25/2023,Zurich ZLF_id_mf_wc_bd_Broad IG_vid_Self Reward_Overthinking Woman_RevoU_13032023,Zurich ZLF,id,mf,wc,bd,Broad IG,vid,Self Reward,Overthinking Woman,57169,0,0,1,11,11,1224,1213
3/26/2023,Zurich ZLF_id_mf_wc_bd_Broad IG_vid_Self Reward_Overthinking Woman_RevoU_13032023,Zurich ZLF,id,mf,wc,bd,Broad IG,vid,Self Reward,Overthinking Woman,72082,0,0,0,7,13,1761,1751
3/27/2023,Zurich ZLF_id_mf_wc_bd_Broad IG_vid_Self Reward_Overthinking Woman_RevoU_13032023,Zurich ZLF,id,mf,wc,bd,Broad IG,vid,Self Reward,Overthinking Woman,69704,0,1,6,14,14,1584,1570
3/28/2023,Zurich ZLF_id_mf_wc_bd_Broad IG_vid_Self Reward_Overthinking Woman_RevoU_13032023,Zurich ZLF,id,mf,wc,bd,Broad IG,vid,Self Reward,Overthinking Woman,115178,0,0,0,7,11,2575,2556
3/29/2023,Zurich ZLF_id_mf_wc_bd_Broad IG_vid_Self Reward_Overthinking Woman_RevoU_13032023,Zurich ZLF,id,mf,wc,bd,Broad IG,vid,Self Reward,Overthinking Woman,120239,0,1,3,15,22,2785,2761
3/30/2023,Zurich ZLF_id_mf_wc_bd_Broad IG_vid_Self Reward_Overthinking Woman_RevoU_13032023,Zurich ZLF,id,mf,wc,bd,Broad IG,vid,Self Reward,Overthinking Woman,86004,0,0,1,8,9,1895,1873
3/31/2023,Zurich ZLF_id_mf_wc_bd_Broad IG_vid_Self Reward_Overthinking Woman_RevoU_13032023,Zurich ZLF,id,mf,wc,bd,Broad IG,vid,Self Reward,Overthinking Woman,70368,0,0,0,7,11,1166,1154
4/1/2023,Zurich ZLF_id_mf_wc_bd_Broad IG_vid_Self Reward_Overthinking Woman_RevoU_13032023,Zurich ZLF,id,mf,wc,bd,Broad IG,vid,Self Reward,Overthinking Woman,47300,0,0,1,7,5,890,883
4/2/2023,Zurich ZLF_id_mf_wc_bd_Broad IG_vid_Self Reward_Overthinking Woman_RevoU_13032023,Zurich ZLF,id,mf,wc,bd,Broad IG,vid,Self Reward,Overthinking Woman,27611,0,0,1,2,3,576,571
4/3/2023,Zurich ZLF_id_mf_wc_bd_Broad IG_vid_Self Reward_Overthinking Woman_RevoU_13032023,Zurich ZLF,id,mf,wc,bd,Broad IG,vid,Self Reward,Overthinking Woman,24929,0,0,0,2,2,453,449
4/4/2023,Zurich ZLF_id_mf_wc_bd_Broad IG_vid_Self Reward_Overthinking Woman_RevoU_13032023,Zurich ZLF,id,mf,wc,bd,Broad IG,vid,Self Reward,Overthinking Woman,29824,0,0,0,2,4,430,422
4/5/2023,Zurich ZLF_id_mf_wc_bd_Broad IG_vid_Self Reward_Overthinking Woman_RevoU_13032023,Zurich ZLF,id,mf,wc,bd,Broad IG,vid,Self Reward,Overthinking Woman,30788,0,0,0,4,5,630,617
4/6/2023,Zurich ZLF_id_mf_wc_bd_Broad IG_vid_Self Reward_Overthinking Woman_RevoU_13032023,Zurich ZLF,id,mf,wc,bd,Broad IG,vid,Self Reward,Overthinking Woman,38909,0,0,3,7,8,580,574
4/7/2023,Zurich ZLF_id_mf_wc_bd_Broad IG_vid_Self Reward_Overthinking Woman_RevoU_13032023,Zurich ZLF,id,mf,wc,bd,Broad IG,vid,Self Reward,Overthinking Woman,33764,0,0,1,1,1,533,532
4/8/2023,Zurich ZLF_id_mf_wc_bd_Broad IG_vid_Self Reward_Overthinking Woman_RevoU_13032023,Zurich ZLF,id,mf,wc,bd,Broad IG,vid,Self Reward,Overthinking Woman,35099,0,0,0,3,4,387,383
4/9/2023,Zurich ZLF_id_mf_wc_bd_Broad IG_vid_Self Reward_Overthinking Woman_RevoU_13032023,Zurich ZLF,id,mf,wc,bd,Broad IG,vid,Self Reward,Overthinking Woman,28425,0,0,0,2,3,384,380
4/10/2023,Zurich ZLF_id_mf_wc_bd_Broad IG_vid_Self Reward_Overthinking Woman_RevoU_13032023,Zurich ZLF,id,mf,wc,bd,Broad IG,vid,Self Reward,Overthinking Woman,42242,0,0,0,2,6,777,769
4/11/2023,Zurich ZLF_id_mf_wc_bd_Broad IG_vid_Self Reward_Overthinking Woman_RevoU_13032023,Zurich ZLF,id,mf,wc,bd,Broad IG,vid,Self Reward,Overthinking Woman,37321,0,0,0,2,3,702,695
4/12/2023,Zurich ZLF_id_mf_wc_bd_Broad IG_vid_Self Reward_Overthinking Woman_RevoU_13032023,Zurich ZLF,id,mf,wc,bd,Broad IG,vid,Self Reward,Overthinking Woman,36214,0,0,0,3,5,472,471
4/13/2023,Zurich ZLF_id_mf_wc_bd_Broad IG_vid_Self Reward_Overthinking Woman_RevoU_13032023,Zurich ZLF,id,mf,wc,bd,Broad IG,vid,Self Reward,Overthinking Woman,42408,0,0,1,1,2,460,458
4/14/2023,Zurich ZLF_id_mf_wc_bd_Broad IG_vid_Self Reward_Overthinking Woman_RevoU_13032023,Zurich ZLF,id,mf,wc,bd,Broad IG,vid,Self Reward,Overthinking Woman,35592,0,0,0,2,2,434,434
4/22/2023,Zurich ZLF_id_mf_wc_bd_Broad IG_vid_Self Reward_Overthinking Woman_RevoU_13032023,Zurich ZLF,id,mf,wc,bd,Broad IG,vid,Self Reward,Overthinking Woman,23119,0,0,1,5,8,495,488
4/23/2023,Zurich ZLF_id_mf_wc_bd_Broad IG_vid_Self Reward_Overthinking Woman_RevoU_13032023,Zurich ZLF,id,mf,wc,bd,Broad IG,vid,Self Reward,Overthinking Woman,33001,0,0,0,1,2,612,604
4/24/2023,Zurich ZLF_id_mf_wc_bd_Broad IG_vid_Self Reward_Overthinking Woman_RevoU_13032023,Zurich ZLF,id,mf,wc,bd,Broad IG,vid,Self Reward,Overthinking Woman,20106,0,0,0,2,2,294,290
4/25/2023,Zurich ZLF_id_mf_wc_bd_Broad IG_vid_Self Reward_Overthinking Woman_RevoU_13032023,Zurich ZLF,id,mf,wc,bd,Broad IG,vid,Self Reward,Overthinking Woman,23381,0,0,0,4,5,330,329
4/26/2023,Zurich ZLF_id_mf_wc_bd_Broad IG_vid_Self Reward_Overthinking Woman_RevoU_13032023,Zurich ZLF,id,mf,wc,bd,Broad IG,vid,Self Reward,Overthinking Woman,19287,0,0,0,0,1,207,202
4/27/2023,Zurich ZLF_id_mf_wc_bd_Broad IG_vid_Self Reward_Overthinking Woman_RevoU_13032023,Zurich ZLF,id,mf,wc,bd,Broad IG,vid,Self Reward,Overthinking Woman,14336,0,0,1,3,4,257,256
4/28/2023,Zurich ZLF_id_mf_wc_bd_Broad IG_vid_Self Reward_Overthinking Woman_RevoU_13032023,Zurich ZLF,id,mf,wc,bd,Broad IG,vid,Self Reward,Overthinking Woman,18392,0,0,0,0,0,265,264
4/29/2023,Zurich ZLF_id_mf_wc_bd_Broad IG_vid_Self Reward_Overthinking Woman_RevoU_13032023,Zurich ZLF,id,mf,wc,bd,Broad IG,vid,Self Reward,Overthinking Woman,8825,0,0,3,1,2,149,149
4/30/2023,Zurich ZLF_id_mf_wc_bd_Broad IG_vid_Self Reward_Overthinking Woman_RevoU_13032023,Zurich ZLF,id,mf,wc,bd,Broad IG,vid,Self Reward,Overthinking Woman,7173,0,0,0,1,1,121,121
3/11/2023,Zurich ZLF_id_tf_wc_sd_Educated People_vid_Self Reward_Overthinking Woman_RevoU_10032023,Zurich ZLF,id,tf,wc,sd,Educated People,vid,Self Reward,Overthinking Woman,81089,0,0,1,16,17,1437,1298
3/12/2023,Zurich ZLF_id_tf_wc_sd_Educated People_vid_Self Reward_Overthinking Woman_RevoU_10032023,Zurich ZLF,id,tf,wc,sd,Educated People,vid,Self Reward,Overthinking Woman,109064,0,0,3,12,15,1983,1825
3/13/2023,Zurich ZLF_id_tf_wc_sd_Educated People_vid_Self Reward_Overthinking Woman_RevoU_10032023,Zurich ZLF,id,tf,wc,sd,Educated People,vid,Self Reward,Overthinking Woman,75916,0,0,0,4,4,1598,1502
3/14/2023,Zurich ZLF_id_tf_wc_sd_Educated People_vid_Self Reward_Overthinking Woman_RevoU_10032023,Zurich ZLF,id,tf,wc,sd,Educated People,vid,Self Reward,Overthinking Woman,75577,0,1,1,5,5,1529,1449
3/15/2023,Zurich ZLF_id_tf_wc_sd_Educated People_vid_Self Reward_Overthinking Woman_RevoU_10032023,Zurich ZLF,id,tf,wc,sd,Educated People,vid,Self Reward,Overthinking Woman,90132,0,0,0,4,7,2232,2152
3/16/2023,Zurich ZLF_id_tf_wc_sd_Educated People_vid_Self Reward_Overthinking Woman_RevoU_10032023,Zurich ZLF,id,tf,wc,sd,Educated People,vid,Self Reward,Overthinking Woman,133846,0,0,7,17,21,4483,4330
3/17/2023,Zurich ZLF_id_tf_wc_sd_Educated People_vid_Self Reward_Overthinking Woman_RevoU_10032023,Zurich ZLF,id,tf,wc,sd,Educated People,vid,Self Reward,Overthinking Woman,125863,0,0,1,13,16,4813,4720
3/18/2023,Zurich ZLF_id_tf_wc_sd_Educated People_vid_Self Reward_Overthinking Woman_RevoU_10032023,Zurich ZLF,id,tf,wc,sd,Educated People,vid,Self Reward,Overthinking Woman,128045,0,0,4,14,19,4898,4825
3/19/2023,Zurich ZLF_id_tf_wc_sd_Educated People_vid_Self Reward_Overthinking Woman_RevoU_10032023,Zurich ZLF,id,tf,wc,sd,Educated People,vid,Self Reward,Overthinking Woman,125833,0,0,0,13,21,3967,3900
3/20/2023,Zurich ZLF_id_tf_wc_sd_Educated People_vid_Self Reward_Overthinking Woman_RevoU_10032023,Zurich ZLF,id,tf,wc,sd,Educated People,vid,Self Reward,Overthinking Woman,104594,0,1,3,10,13,2786,2719
3/21/2023,Zurich ZLF_id_tf_wc_sd_Educated People_vid_Self Reward_Overthinking Woman_RevoU_10032023,Zurich ZLF,id,tf,wc,sd,Educated People,vid,Self Reward,Overthinking Woman,140601,0,0,1,12,13,3622,3563
3/22/2023,Zurich ZLF_id_tf_wc_sd_Educated People_vid_Self Reward_Overthinking Woman_RevoU_10032023,Zurich ZLF,id,tf,wc,sd,Educated People,vid,Self Reward,Overthinking Woman,252244,0,0,1,29,34,6437,6117
3/23/2023,Zurich ZLF_id_tf_wc_sd_Educated People_vid_Self Reward_Overthinking Woman_RevoU_10032023,Zurich ZLF,id,tf,wc,sd,Educated People,vid,Self Reward,Overthinking Woman,136218,0,0,2,15,17,3683,3570
3/24/2023,Zurich ZLF_id_tf_wc_sd_Educated People_vid_Self Reward_Overthinking Woman_RevoU_10032023,Zurich ZLF,id,tf,wc,sd,Educated People,vid,Self Reward,Overthinking Woman,251496,0,0,3,27,35,6117,5918
3/25/2023,Zurich ZLF_id_tf_wc_sd_Educated People_vid_Self Reward_Overthinking Woman_RevoU_10032023,Zurich ZLF,id,tf,wc,sd,Educated People,vid,Self Reward,Overthinking Woman,273929,0,0,6,41,44,7651,7368
3/26/2023,Zurich ZLF_id_tf_wc_sd_Educated People_vid_Self Reward_Overthinking Woman_RevoU_10032023,Zurich ZLF,id,tf,wc,sd,Educated People,vid,Self Reward,Overthinking Woman,259521,0,0,3,42,53,6904,6790
3/27/2023,Zurich ZLF_id_tf_wc_sd_Educated People_vid_Self Reward_Overthinking Woman_RevoU_10032023,Zurich ZLF,id,tf,wc,sd,Educated People,vid,Self Reward,Overthinking Woman,207071,0,0,5,30,36,7071,6860
3/28/2023,Zurich ZLF_id_tf_wc_sd_Educated People_vid_Self Reward_Overthinking Woman_RevoU_10032023,Zurich ZLF,id,tf,wc,sd,Educated People,vid,Self Reward,Overthinking Woman,264982,0,0,5,38,45,7719,7410
3/29/2023,Zurich ZLF_id_tf_wc_sd_Educated People_vid_Self Reward_Overthinking Woman_RevoU_10032023,Zurich ZLF,id,tf,wc,sd,Educated People,vid,Self Reward,Overthinking Woman,311347,0,1,1,35,46,8230,7936
3/30/2023,Zurich ZLF_id_tf_wc_sd_Educated People_vid_Self Reward_Overthinking Woman_RevoU_10032023,Zurich ZLF,id,tf,wc,sd,Educated People,vid,Self Reward,Overthinking Woman,251935,0,1,7,41,43,6696,6496
3/31/2023,Zurich ZLF_id_tf_wc_sd_Educated People_vid_Self Reward_Overthinking Woman_RevoU_10032023,Zurich ZLF,id,tf,wc,sd,Educated People,vid,Self Reward,Overthinking Woman,252433,0,0,1,29,34,5820,5700
4/1/2023,Zurich ZLF_id_tf_wc_sd_Educated People_vid_Self Reward_Overthinking Woman_RevoU_10032023,Zurich ZLF,id,tf,wc,sd,Educated People,vid,Self Reward,Overthinking Woman,302504,0,0,3,36,39,6628,6384
4/2/2023,Zurich ZLF_id_tf_wc_sd_Educated People_vid_Self Reward_Overthinking Woman_RevoU_10032023,Zurich ZLF,id,tf,wc,sd,Educated People,vid,Self Reward,Overthinking Woman,318940,0,1,5,23,34,8187,7784
4/3/2023,Zurich ZLF_id_tf_wc_sd_Educated People_vid_Self Reward_Overthinking Woman_RevoU_10032023,Zurich ZLF,id,tf,wc,sd,Educated People,vid,Self Reward,Overthinking Woman,238920,0,0,2,15,19,6371,6062
4/4/2023,Zurich ZLF_id_tf_wc_sd_Educated People_vid_Self Reward_Overthinking Woman_RevoU_10032023,Zurich ZLF,id,tf,wc,sd,Educated People,vid,Self Reward,Overthinking Woman,240316,0,0,1,16,23,5066,4841
4/5/2023,Zurich ZLF_id_tf_wc_sd_Educated People_vid_Self Reward_Overthinking Woman_RevoU_10032023,Zurich ZLF,id,tf,wc,sd,Educated People,vid,Self Reward,Overthinking Woman,203781,0,0,2,21,30,4862,4692
4/6/2023,Zurich ZLF_id_tf_wc_sd_Educated People_vid_Self Reward_Overthinking Woman_RevoU_10032023,Zurich ZLF,id,tf,wc,sd,Educated People,vid,Self Reward,Overthinking Woman,221153,0,0,1,25,28,5666,5388
4/7/2023,Zurich ZLF_id_tf_wc_sd_Educated People_vid_Self Reward_Overthinking Woman_RevoU_10032023,Zurich ZLF,id,tf,wc,sd,Educated People,vid,Self Reward,Overthinking Woman,223014,0,0,0,6,7,3763,3673
4/8/2023,Zurich ZLF_id_tf_wc_sd_Educated People_vid_Self Reward_Overthinking Woman_RevoU_10032023,Zurich ZLF,id,tf,wc,sd,Educated People,vid,Self Reward,Overthinking Woman,206722,0,0,2,15,20,5399,5399
4/9/2023,Zurich ZLF_id_tf_wc_sd_Educated People_vid_Self Reward_Overthinking Woman_RevoU_10032023,Zurich ZLF,id,tf,wc,sd,Educated People,vid,Self Reward,Overthinking Woman,166798,0,0,0,24,21,4068,3983
4/10/2023,Zurich ZLF_id_tf_wc_sd_Educated People_vid_Self Reward_Overthinking Woman_RevoU_10032023,Zurich ZLF,id,tf,wc,sd,Educated People,vid,Self Reward,Overthinking Woman,183950,0,0,0,14,22,4059,3950
4/11/2023,Zurich ZLF_id_tf_wc_sd_Educated People_vid_Self Reward_Overthinking Woman_RevoU_10032023,Zurich ZLF,id,tf,wc,sd,Educated People,vid,Self Reward,Overthinking Woman,72725,0,1,3,11,12,1550,1533
3/11/2023,Zurich ZLF Traffic_id_mf_tc_cl_Broad IG_vid_Self Reward_Overthinking Woman_RevoU_10032023,Zurich ZLF Traffic,id,mf,tc,cl,Broad IG,vid,Self Reward,Overthinking Woman,19107,0,0,0,5,7,1486,1360
3/12/2023,Zurich ZLF Traffic_id_mf_tc_cl_Broad IG_vid_Self Reward_Overthinking Woman_RevoU_10032023,Zurich ZLF Traffic,id,mf,tc,cl,Broad IG,vid,Self Reward,Overthinking Woman,21682,0,0,0,5,7,1796,1617
3/13/2023,Zurich ZLF Traffic_id_mf_tc_cl_Broad IG_vid_Self Reward_Overthinking Woman_RevoU_10032023,Zurich ZLF Traffic,id,mf,tc,cl,Broad IG,vid,Self Reward,Overthinking Woman,24933,0,0,0,8,10,1935,1693
3/14/2023,Zurich ZLF Traffic_id_mf_tc_cl_Broad IG_vid_Self Reward_Overthinking Woman_RevoU_10032023,Zurich ZLF Traffic,id,mf,tc,cl,Broad IG,vid,Self Reward,Overthinking Woman,31166,0,0,0,11,8,2204,1935
3/15/2023,Zurich ZLF Traffic_id_mf_tc_cl_Broad IG_vid_Self Reward_Overthinking Woman_RevoU_10032023,Zurich ZLF Traffic,id,mf,tc,cl,Broad IG,vid,Self Reward,Overthinking Woman,29178,0,0,0,8,11,1807,1649
3/16/2023,Zurich ZLF Traffic_id_mf_tc_cl_Broad IG_vid_Self Reward_Overthinking Woman_RevoU_10032023,Zurich ZLF Traffic,id,mf,tc,cl,Broad IG,vid,Self Reward,Overthinking Woman,37787,0,0,0,16,21,2373,2162
3/17/2023,Zurich ZLF Traffic_id_mf_tc_cl_Broad IG_vid_Self Reward_Overthinking Woman_RevoU_10032023,Zurich ZLF Traffic,id,mf,tc,cl,Broad IG,vid,Self Reward,Overthinking Woman,49413,0,0,0,27,31,2308,2219
3/18/2023,Zurich ZLF Traffic_id_mf_tc_cl_Broad IG_vid_Self Reward_Overthinking Woman_RevoU_10032023,Zurich ZLF Traffic,id,mf,tc,cl,Broad IG,vid,Self Reward,Overthinking Woman,47956,0,0,0,23,25,2355,2243
3/19/2023,Zurich ZLF Traffic_id_mf_tc_cl_Broad IG_vid_Self Reward_Overthinking Woman_RevoU_10032023,Zurich ZLF Traffic,id,mf,tc,cl,Broad IG,vid,Self Reward,Overthinking Woman,51562,0,0,0,16,19,2874,2734
3/20/2023,Zurich ZLF Traffic_id_mf_tc_cl_Broad IG_vid_Self Reward_Overthinking Woman_RevoU_10032023,Zurich ZLF Traffic,id,mf,tc,cl,Broad IG,vid,Self Reward,Overthinking Woman,51204,0,0,0,29,39,2998,2854
3/21/2023,Zurich ZLF Traffic_id_mf_tc_cl_Broad IG_vid_Self Reward_Overthinking Woman_RevoU_10032023,Zurich ZLF Traffic,id,mf,tc,cl,Broad IG,vid,Self Reward,Overthinking Woman,50111,0,0,0,21,27,2645,2564
3/22/2023,Zurich ZLF Traffic_id_mf_tc_cl_Broad IG_vid_Self Reward_Overthinking Woman_RevoU_10032023,Zurich ZLF Traffic,id,mf,tc,cl,Broad IG,vid,Self Reward,Overthinking Woman,49051,0,0,0,14,19,2537,2439
3/23/2023,Zurich ZLF Traffic_id_mf_tc_cl_Broad IG_vid_Self Reward_Overthinking Woman_RevoU_10032023,Zurich ZLF Traffic,id,mf,tc,cl,Broad IG,vid,Self Reward,Overthinking Woman,49311,0,0,0,26,35,2641,2511
3/24/2023,Zurich ZLF Traffic_id_mf_tc_cl_Broad IG_vid_Self Reward_Overthinking Woman_RevoU_10032023,Zurich ZLF Traffic,id,mf,tc,cl,Broad IG,vid,Self Reward,Overthinking Woman,49196,0,0,0,25,32,2489,2403
3/25/2023,Zurich ZLF Traffic_id_mf_tc_cl_Broad IG_vid_Self Reward_Overthinking Woman_RevoU_10032023,Zurich ZLF Traffic,id,mf,tc,cl,Broad IG,vid,Self Reward,Overthinking Woman,48934,0,0,0,23,31,2564,2495
3/26/2023,Zurich ZLF Traffic_id_mf_tc_cl_Broad IG_vid_Self Reward_Overthinking Woman_RevoU_10032023,Zurich ZLF Traffic,id,mf,tc,cl,Broad IG,vid,Self Reward,Overthinking Woman,51647,0,0,0,31,39,2519,2463
3/27/2023,Zurich ZLF Traffic_id_mf_tc_cl_Broad IG_vid_Self Reward_Overthinking Woman_RevoU_10032023,Zurich ZLF Traffic,id,mf,tc,cl,Broad IG,vid,Self Reward,Overthinking Woman,50224,0,0,0,29,38,2556,2508
3/28/2023,Zurich ZLF Traffic_id_mf_tc_cl_Broad IG_vid_Self Reward_Overthinking Woman_RevoU_10032023,Zurich ZLF Traffic,id,mf,tc,cl,Broad IG,vid,Self Reward,Overthinking Woman,97656,0,0,0,43,60,4719,4541
3/29/2023,Zurich ZLF Traffic_id_mf_tc_cl_Broad IG_vid_Self Reward_Overthinking Woman_RevoU_10032023,Zurich ZLF Traffic,id,mf,tc,cl,Broad IG,vid,Self Reward,Overthinking Woman,143231,0,0,0,65,79,6511,6402
3/30/2023,Zurich ZLF Traffic_id_mf_tc_cl_Broad IG_vid_Self Reward_Overthinking Woman_RevoU_10032023,Zurich ZLF Traffic,id,mf,tc,cl,Broad IG,vid,Self Reward,Overthinking Woman,143740,0,0,0,69,91,7194,7068
3/31/2023,Zurich ZLF Traffic_id_mf_tc_cl_Broad IG_vid_Self Reward_Overthinking Woman_RevoU_10032023,Zurich ZLF Traffic,id,mf,tc,cl,Broad IG,vid,Self Reward,Overthinking Woman,151078,0,0,0,44,67,7852,7728
4/1/2023,Zurich ZLF Traffic_id_mf_tc_cl_Broad IG_vid_Self Reward_Overthinking Woman_RevoU_10032023,Zurich ZLF Traffic,id,mf,tc,cl,Broad IG,vid,Self Reward,Overthinking Woman,147606,0,0,0,57,73,8965,8563
4/2/2023,Zurich ZLF Traffic_id_mf_tc_cl_Broad IG_vid_Self Reward_Overthinking Woman_RevoU_10032023,Zurich ZLF Traffic,id,mf,tc,cl,Broad IG,vid,Self Reward,Overthinking Woman,154831,0,0,0,80,99,8993,8580
4/3/2023,Zurich ZLF Traffic_id_mf_tc_cl_Broad IG_vid_Self Reward_Overthinking Woman_RevoU_10032023,Zurich ZLF Traffic,id,mf,tc,cl,Broad IG,vid,Self Reward,Overthinking Woman,72918,0,0,0,34,39,4536,4428
4/4/2023,Zurich ZLF Traffic_id_mf_tc_cl_Broad IG_vid_Self Reward_Overthinking Woman_RevoU_10032023,Zurich ZLF Traffic,id,mf,tc,cl,Broad IG,vid,Self Reward,Overthinking Woman,1321,0,0,0,0,1,112,106
4/5/2023,Zurich ZLF Traffic_id_mf_tc_cl_Broad IG_vid_Self Reward_Overthinking Woman_RevoU_10032023,Zurich ZLF Traffic,id,mf,tc,cl,Broad IG,vid,Self Reward,Overthinking Woman,3808,0,0,0,3,3,290,268
4/6/2023,Zurich ZLF Traffic_id_mf_tc_cl_Broad IG_vid_Self Reward_Overthinking Woman_RevoU_10032023,Zurich ZLF Traffic,id,mf,tc,cl,Broad IG,vid,Self Reward,Overthinking Woman,2399,0,0,0,0,0,195,180
4/7/2023,Zurich ZLF Traffic_id_mf_tc_cl_Broad IG_vid_Self Reward_Overthinking Woman_RevoU_10032023,Zurich ZLF Traffic,id,mf,tc,cl,Broad IG,vid,Self Reward,Overthinking Woman,544,0,0,0,0,0,61,56
4/8/2023,Zurich ZLF Traffic_id_mf_tc_cl_Broad IG_vid_Self Reward_Overthinking Woman_RevoU_10032023,Zurich ZLF Traffic,id,mf,tc,cl,Broad IG,vid,Self Reward,Overthinking Woman,140,0,0,0,0,0,19,18
4/9/2023,Zurich ZLF Traffic_id_mf_tc_cl_Broad IG_vid_Self Reward_Overthinking Woman_RevoU_10032023,Zurich ZLF Traffic,id,mf,tc,cl,Broad IG,vid,Self Reward,Overthinking Woman,294,0,0,0,0,0,43,42
4/10/2023,Zurich ZLF Traffic_id_mf_tc_cl_Broad IG_vid_Self Reward_Overthinking Woman_RevoU_10032023,Zurich ZLF Traffic,id,mf,tc,cl,Broad IG,vid,Self Reward,Overthinking Woman,406,0,0,0,0,0,52,50
4/11/2023,Zurich ZLF Traffic_id_mf_tc_cl_Broad IG_vid_Self Reward_Overthinking Woman_RevoU_10032023,Zurich ZLF Traffic,id,mf,tc,cl,Broad IG,vid,Self Reward,Overthinking Woman,207,0,0,0,0,0,26,26
4/14/2023,Zurich ZLF_id_tf_wc_la_Sign Up Narrow Parents_vid_Self Reward_Overthinking Woman_RevoU_13042023,Zurich ZLF,id,tf,wc,la,Sign Up Narrow Parents,vid,Self Reward,Overthinking Woman,27048,0,0,0,0,1,600,588
4/22/2023,Zurich ZLF_id_tf_wc_la_Sign Up Narrow Parents_vid_Self Reward_Overthinking Woman_RevoU_13042023,Zurich ZLF,id,tf,wc,la,Sign Up Narrow Parents,vid,Self Reward,Overthinking Woman,108148,0,0,0,14,18,2869,2739
4/23/2023,Zurich ZLF_id_tf_wc_la_Sign Up Narrow Parents_vid_Self Reward_Overthinking Woman_RevoU_13042023,Zurich ZLF,id,tf,wc,la,Sign Up Narrow Parents,vid,Self Reward,Overthinking Woman,87422,0,0,0,5,6,1849,1800
4/24/2023,Zurich ZLF_id_tf_wc_la_Sign Up Narrow Parents_vid_Self Reward_Overthinking Woman_RevoU_13042023,Zurich ZLF,id,tf,wc,la,Sign Up Narrow Parents,vid,Self Reward,Overthinking Woman,67509,0,0,0,10,12,1858,1833
4/25/2023,Zurich ZLF_id_tf_wc_la_Sign Up Narrow Parents_vid_Self Reward_Overthinking Woman_RevoU_13042023,Zurich ZLF,id,tf,wc,la,Sign Up Narrow Parents,vid,Self Reward,Overthinking Woman,46548,0,2,1,11,13,1150,1115
4/26/2023,Zurich ZLF_id_tf_wc_la_Sign Up Narrow Parents_vid_Self Reward_Overthinking Woman_RevoU_13042023,Zurich ZLF,id,tf,wc,la,Sign Up Narrow Parents,vid,Self Reward,Overthinking Woman,55802,0,0,0,4,5,1138,1095
4/27/2023,Zurich ZLF_id_tf_wc_la_Sign Up Narrow Parents_vid_Self Reward_Overthinking Woman_RevoU_13042023,Zurich ZLF,id,tf,wc,la,Sign Up Narrow Parents,vid,Self Reward,Overthinking Woman,55873,0,0,0,7,7,1253,1210
4/28/2023,Zurich ZLF_id_tf_wc_la_Sign Up Narrow Parents_vid_Self Reward_Overthinking Woman_RevoU_13042023,Zurich ZLF,id,tf,wc,la,Sign Up Narrow Parents,vid,Self Reward,Overthinking Woman,62157,0,1,1,9,12,1391,1302
4/29/2023,Zurich ZLF_id_tf_wc_la_Sign Up Narrow Parents_vid_Self Reward_Overthinking Woman_RevoU_13042023,Zurich ZLF,id,tf,wc,la,Sign Up Narrow Parents,vid,Self Reward,Overthinking Woman,75986,0,0,0,4,5,1388,1319
4/30/2023,Zurich ZLF_id_tf_wc_la_Sign Up Narrow Parents_vid_Self Reward_Overthinking Woman_RevoU_13042023,Zurich ZLF,id,tf,wc,la,Sign Up Narrow Parents,vid,Self Reward,Overthinking Woman,88083,0,0,1,8,9,1963,1858
3/11/2023,Zurich ZLF_id_bf_wc_cl_Customer List and Sign Up_vid_Self-Reward_Overthinking Women_RevoU_10032023,Zurich ZLF,id,bf,wc,cl,Customer List and Sign Up,vid,Self-Reward,Overthinking Women,226688,0,0,1,6,8,1115,524
3/12/2023,Zurich ZLF_id_bf_wc_cl_Customer List and Sign Up_vid_Self-Reward_Overthinking Women_RevoU_10032023,Zurich ZLF,id,bf,wc,cl,Customer List and Sign Up,vid,Self-Reward,Overthinking Women,191744,0,0,0,8,9,962,513
3/13/2023,Zurich ZLF_id_bf_wc_cl_Customer List and Sign Up_vid_Self-Reward_Overthinking Women_RevoU_10032023,Zurich ZLF,id,bf,wc,cl,Customer List and Sign Up,vid,Self-Reward,Overthinking Women,115612,0,0,0,2,3,472,335
3/14/2023,Zurich ZLF_id_bf_wc_cl_Customer List and Sign Up_vid_Self-Reward_Overthinking Women_RevoU_10032023,Zurich ZLF,id,bf,wc,cl,Customer List and Sign Up,vid,Self-Reward,Overthinking Women,62923,0,0,1,2,2,278,219
3/15/2023,Zurich ZLF_id_mf_wc_sd_Healthcare_vid_Ada Apa Ini?_Parkiran_RevoU_14032023,Zurich ZLF,id,mf,wc,sd,Healthcare,vid,Ada Apa Ini?,Parkiran,1041,0,0,0,0,1,16,15
3/16/2023,Zurich ZLF_id_mf_wc_sd_Healthcare_vid_Ada Apa Ini?_Parkiran_RevoU_14032023,Zurich ZLF,id,mf,wc,sd,Healthcare,vid,Ada Apa Ini?,Parkiran,1944,0,0,0,0,0,52,43
3/17/2023,Zurich ZLF_id_mf_wc_sd_Healthcare_vid_Ada Apa Ini?_Parkiran_RevoU_14032023,Zurich ZLF,id,mf,wc,sd,Healthcare,vid,Ada Apa Ini?,Parkiran,632,0,0,0,0,0,7,7
3/19/2023,Zurich ZLF_id_mf_wc_sd_Healthcare_vid_Ada Apa Ini?_Parkiran_RevoU_14032023,Zurich ZLF,id,mf,wc,sd,Healthcare,vid,Ada Apa Ini?,Parkiran,317,0,0,0,0,0,3,3
3/20/2023,Zurich ZLF_id_mf_wc_sd_Healthcare_vid_Ada Apa Ini?_Parkiran_RevoU_14032023,Zurich ZLF,id,mf,wc,sd,Healthcare,vid,Ada Apa Ini?,Parkiran,219,0,0,0,0,0,4,4
3/21/2023,Zurich ZLF_id_mf_wc_sd_Healthcare_vid_Ada Apa Ini?_Parkiran_RevoU_14032023,Zurich ZLF,id,mf,wc,sd,Healthcare,vid,Ada Apa Ini?,Parkiran,201,0,0,0,0,0,3,2
3/27/2023,Zurich ZLF_id_mf_wc_sd_Healthcare_vid_Ada Apa Ini?_Parkiran_RevoU_14032023,Zurich ZLF,id,mf,wc,sd,Healthcare,vid,Ada Apa Ini?,Parkiran,41,0,0,0,0,0,1,1
3/30/2023,Zurich ZLF_id_mf_wc_sd_Healthcare_vid_Ada Apa Ini?_Parkiran_RevoU_14032023,Zurich ZLF,id,mf,wc,sd,Healthcare,vid,Ada Apa Ini?,Parkiran,301,0,0,0,0,0,1,1
3/31/2023,Zurich ZLF_id_mf_wc_sd_Healthcare_vid_Ada Apa Ini?_Parkiran_RevoU_14032023,Zurich ZLF,id,mf,wc,sd,Healthcare,vid,Ada Apa Ini?,Parkiran,11,0,0,0,0,0,1,1
4/1/2023,Zurich ZLF_id_mf_wc_sd_Healthcare_vid_Ada Apa Ini?_Parkiran_RevoU_14032023,Zurich ZLF,id,mf,wc,sd,Healthcare,vid,Ada Apa Ini?,Parkiran,2,0,0,0,0,0,1,1
4/2/2023,Zurich ZLF_id_mf_wc_sd_Healthcare_vid_Ada Apa Ini?_Parkiran_RevoU_14032023,Zurich ZLF,id,mf,wc,sd,Healthcare,vid,Ada Apa Ini?,Parkiran,7,0,0,0,0,0,1,1
4/3/2023,Zurich ZLF_id_mf_wc_sd_Healthcare_vid_Ada Apa Ini?_Parkiran_RevoU_14032023,Zurich ZLF,id,mf,wc,sd,Healthcare,vid,Ada Apa Ini?,Parkiran,1893,0,0,0,0,0,9,9
4/4/2023,Zurich ZLF_id_mf_wc_sd_Healthcare_vid_Ada Apa Ini?_Parkiran_RevoU_14032023,Zurich ZLF,id,mf,wc,sd,Healthcare,vid,Ada Apa Ini?,Parkiran,1988,0,0,0,0,0,18,16
4/5/2023,Zurich ZLF_id_mf_wc_sd_Healthcare_vid_Ada Apa Ini?_Parkiran_RevoU_14032023,Zurich ZLF,id,mf,wc,sd,Healthcare,vid,Ada Apa Ini?,Parkiran,216,0,0,0,0,0,4,4
4/6/2023,Zurich ZLF_id_mf_wc_sd_Healthcare_vid_Ada Apa Ini?_Parkiran_RevoU_14032023,Zurich ZLF,id,mf,wc,sd,Healthcare,vid,Ada Apa Ini?,Parkiran,851,0,0,0,0,1,7,7
4/7/2023,Zurich ZLF_id_mf_wc_sd_Healthcare_vid_Ada Apa Ini?_Parkiran_RevoU_14032023,Zurich ZLF,id,mf,wc,sd,Healthcare,vid,Ada Apa Ini?,Parkiran,4273,0,0,0,0,0,30,27
4/8/2023,Zurich ZLF_id_mf_wc_sd_Healthcare_vid_Ada Apa Ini?_Parkiran_RevoU_14032023,Zurich ZLF,id,mf,wc,sd,Healthcare,vid,Ada Apa Ini?,Parkiran,2575,0,0,0,0,0,22,21
4/9/2023,Zurich ZLF_id_mf_wc_sd_Healthcare_vid_Ada Apa Ini?_Parkiran_RevoU_14032023,Zurich ZLF,id,mf,wc,sd,Healthcare,vid,Ada Apa Ini?,Parkiran,698,0,0,0,0,0,8,8
4/10/2023,Zurich ZLF_id_mf_wc_sd_Healthcare_vid_Ada Apa Ini?_Parkiran_RevoU_14032023,Zurich ZLF,id,mf,wc,sd,Healthcare,vid,Ada Apa Ini?,Parkiran,184,0,0,0,0,0,6,5
4/11/2023,Zurich ZLF_id_mf_wc_sd_Healthcare_vid_Ada Apa Ini?_Parkiran_RevoU_14032023,Zurich ZLF,id,mf,wc,sd,Healthcare,vid,Ada Apa Ini?,Parkiran,543,0,0,0,0,0,13,13
4/12/2023,Zurich ZLF_id_mf_wc_sd_Healthcare_vid_Ada Apa Ini?_Parkiran_RevoU_14032023,Zurich ZLF,id,mf,wc,sd,Healthcare,vid,Ada Apa Ini?,Parkiran,4743,0,0,0,1,1,20,19
4/13/2023,Zurich ZLF_id_mf_wc_sd_Healthcare_vid_Ada Apa Ini?_Parkiran_RevoU_14032023,Zurich ZLF,id,mf,wc,sd,Healthcare,vid,Ada Apa Ini?,Parkiran,2315,0,0,0,0,0,23,21
4/14/2023,Zurich ZLF_id_mf_wc_sd_Healthcare_vid_Ada Apa Ini?_Parkiran_RevoU_14032023,Zurich ZLF,id,mf,wc,sd,Healthcare,vid,Ada Apa Ini?,Parkiran,1719,0,0,0,0,0,9,8
4/22/2023,Zurich ZLF_id_mf_wc_sd_Healthcare_vid_Ada Apa Ini?_Parkiran_RevoU_14032023,Zurich ZLF,id,mf,wc,sd,Healthcare,vid,Ada Apa Ini?,Parkiran,987,0,0,0,0,0,6,6
4/23/2023,Zurich ZLF_id_mf_wc_sd_Healthcare_vid_Ada Apa Ini?_Parkiran_RevoU_14032023,Zurich ZLF,id,mf,wc,sd,Healthcare,vid,Ada Apa Ini?,Parkiran,422,0,0,0,0,0,16,16
4/24/2023,Zurich ZLF_id_mf_wc_sd_Healthcare_vid_Ada Apa Ini?_Parkiran_RevoU_14032023,Zurich ZLF,id,mf,wc,sd,Healthcare,vid,Ada Apa Ini?,Parkiran,3900,0,0,0,0,1,29,25
4/25/2023,Zurich ZLF_id_mf_wc_sd_Healthcare_vid_Ada Apa Ini?_Parkiran_RevoU_14032023,Zurich ZLF,id,mf,wc,sd,Healthcare,vid,Ada Apa Ini?,Parkiran,1309,0,0,0,1,1,15,13
4/26/2023,Zurich ZLF_id_mf_wc_sd_Healthcare_vid_Ada Apa Ini?_Parkiran_RevoU_14032023,Zurich ZLF,id,mf,wc,sd,Healthcare,vid,Ada Apa Ini?,Parkiran,1113,0,0,0,0,0,14,12
4/27/2023,Zurich ZLF_id_mf_wc_sd_Healthcare_vid_Ada Apa Ini?_Parkiran_RevoU_14032023,Zurich ZLF,id,mf,wc,sd,Healthcare,vid,Ada Apa Ini?,Parkiran,1426,0,0,0,0,0,16,15
4/28/2023,Zurich ZLF_id_mf_wc_sd_Healthcare_vid_Ada Apa Ini?_Parkiran_RevoU_14032023,Zurich ZLF,id,mf,wc,sd,Healthcare,vid,Ada Apa Ini?,Parkiran,506,0,0,0,0,0,9,9
4/29/2023,Zurich ZLF_id_mf_wc_sd_Healthcare_vid_Ada Apa Ini?_Parkiran_RevoU_14032023,Zurich ZLF,id,mf,wc,sd,Healthcare,vid,Ada Apa Ini?,Parkiran,537,0,0,0,0,0,5,5
4/30/2023,Zurich ZLF_id_mf_wc_sd_Healthcare_vid_Ada Apa Ini?_Parkiran_RevoU_14032023,Zurich ZLF,id,mf,wc,sd,Healthcare,vid,Ada Apa Ini?,Parkiran,1639,0,0,0,0,0,12,11
3/15/2023,Zurich ZLF_id_tf_wc_bd_Broad IG_vid_Ada apa ini?_Parkiran_RevoU_14032023,Zurich ZLF,id,tf,wc,bd,Broad IG,vid,Ada apa ini?,Parkiran,68415,0,0,0,3,3,670,601
3/16/2023,Zurich ZLF_id_tf_wc_bd_Broad IG_vid_Ada apa ini?_Parkiran_RevoU_14032023,Zurich ZLF,id,tf,wc,bd,Broad IG,vid,Ada apa ini?,Parkiran,122874,0,0,0,8,9,1885,1617
3/17/2023,Zurich ZLF_id_tf_wc_bd_Broad IG_vid_Ada apa ini?_Parkiran_RevoU_14032023,Zurich ZLF,id,tf,wc,bd,Broad IG,vid,Ada apa ini?,Parkiran,62676,0,0,0,3,5,901,771
3/18/2023,Zurich ZLF_id_tf_wc_bd_Broad IG_vid_Ada apa ini?_Parkiran_RevoU_14032023,Zurich ZLF,id,tf,wc,bd,Broad IG,vid,Ada apa ini?,Parkiran,58180,0,0,0,3,3,1154,1019
3/19/2023,Zurich ZLF_id_tf_wc_bd_Broad IG_vid_Ada apa ini?_Parkiran_RevoU_14032023,Zurich ZLF,id,tf,wc,bd,Broad IG,vid,Ada apa ini?,Parkiran,41242,0,0,0,1,2,1384,1215
3/20/2023,Zurich ZLF_id_tf_wc_bd_Broad IG_vid_Ada apa ini?_Parkiran_RevoU_14032023,Zurich ZLF,id,tf,wc,bd,Broad IG,vid,Ada apa ini?,Parkiran,29102,0,0,0,0,0,374,330
3/21/2023,Zurich ZLF_id_tf_wc_bd_Broad IG_vid_Ada apa ini?_Parkiran_RevoU_14032023,Zurich ZLF,id,tf,wc,bd,Broad IG,vid,Ada apa ini?,Parkiran,22797,0,0,0,0,1,444,403
3/22/2023,Zurich ZLF_id_tf_wc_bd_Broad IG_vid_Ada apa ini?_Parkiran_RevoU_14032023,Zurich ZLF,id,tf,wc,bd,Broad IG,vid,Ada apa ini?,Parkiran,8369,0,0,0,1,1,256,219
3/23/2023,Zurich ZLF_id_tf_wc_bd_Broad IG_vid_Ada apa ini?_Parkiran_RevoU_14032023,Zurich ZLF,id,tf,wc,bd,Broad IG,vid,Ada apa ini?,Parkiran,15954,0,0,0,1,1,732,716
3/24/2023,Zurich ZLF_id_tf_wc_bd_Broad IG_vid_Ada apa ini?_Parkiran_RevoU_14032023,Zurich ZLF,id,tf,wc,bd,Broad IG,vid,Ada apa ini?,Parkiran,3424,0,0,0,0,0,111,94
3/25/2023,Zurich ZLF_id_tf_wc_bd_Broad IG_vid_Ada apa ini?_Parkiran_RevoU_14032023,Zurich ZLF,id,tf,wc,bd,Broad IG,vid,Ada apa ini?,Parkiran,3370,0,0,0,0,0,137,115
3/26/2023,Zurich ZLF_id_tf_wc_bd_Broad IG_vid_Ada apa ini?_Parkiran_RevoU_14032023,Zurich ZLF,id,tf,wc,bd,Broad IG,vid,Ada apa ini?,Parkiran,3813,0,0,0,0,1,78,67
3/27/2023,Zurich ZLF_id_tf_wc_bd_Broad IG_vid_Ada apa ini?_Parkiran_RevoU_14032023,Zurich ZLF,id,tf,wc,bd,Broad IG,vid,Ada apa ini?,Parkiran,6545,0,1,0,0,0,139,111
3/28/2023,Zurich ZLF_id_tf_wc_bd_Broad IG_vid_Ada apa ini?_Parkiran_RevoU_14032023,Zurich ZLF,id,tf,wc,bd,Broad IG,vid,Ada apa ini?,Parkiran,3721,0,0,0,0,0,67,59
3/29/2023,Zurich ZLF_id_tf_wc_bd_Broad IG_vid_Ada apa ini?_Parkiran_RevoU_14032023,Zurich ZLF,id,tf,wc,bd,Broad IG,vid,Ada apa ini?,Parkiran,11959,0,0,0,0,0,207,175
3/30/2023,Zurich ZLF_id_tf_wc_bd_Broad IG_vid_Ada apa ini?_Parkiran_RevoU_14032023,Zurich ZLF,id,tf,wc,bd,Broad IG,vid,Ada apa ini?,Parkiran,29666,0,0,0,1,5,1294,1178
3/31/2023,Zurich ZLF_id_tf_wc_bd_Broad IG_vid_Ada apa ini?_Parkiran_RevoU_14032023,Zurich ZLF,id,tf,wc,bd,Broad IG,vid,Ada apa ini?,Parkiran,16612,0,0,0,0,1,541,467
4/1/2023,Zurich ZLF_id_tf_wc_bd_Broad IG_vid_Ada apa ini?_Parkiran_RevoU_14032023,Zurich ZLF,id,tf,wc,bd,Broad IG,vid,Ada apa ini?,Parkiran,18973,0,0,0,0,2,984,832
4/2/2023,Zurich ZLF_id_tf_wc_bd_Broad IG_vid_Ada apa ini?_Parkiran_RevoU_14032023,Zurich ZLF,id,tf,wc,bd,Broad IG,vid,Ada apa ini?,Parkiran,11696,0,0,0,0,1,365,317
4/3/2023,Zurich ZLF_id_tf_wc_bd_Broad IG_vid_Ada apa ini?_Parkiran_RevoU_14032023,Zurich ZLF,id,tf,wc,bd,Broad IG,vid,Ada apa ini?,Parkiran,19619,0,1,4,5,5,608,550
4/4/2023,Zurich ZLF_id_tf_wc_bd_Broad IG_vid_Ada apa ini?_Parkiran_RevoU_14032023,Zurich ZLF,id,tf,wc,bd,Broad IG,vid,Ada apa ini?,Parkiran,13185,0,0,0,0,0,280,261
4/5/2023,Zurich ZLF_id_tf_wc_bd_Broad IG_vid_Ada apa ini?_Parkiran_RevoU_14032023,Zurich ZLF,id,tf,wc,bd,Broad IG,vid,Ada apa ini?,Parkiran,9108,0,0,0,0,0,178,166
4/6/2023,Zurich ZLF_id_tf_wc_bd_Broad IG_vid_Ada apa ini?_Parkiran_RevoU_14032023,Zurich ZLF,id,tf,wc,bd,Broad IG,vid,Ada apa ini?,Parkiran,8075,0,0,0,0,1,304,276
4/7/2023,Zurich ZLF_id_tf_wc_bd_Broad IG_vid_Ada apa ini?_Parkiran_RevoU_14032023,Zurich ZLF,id,tf,wc,bd,Broad IG,vid,Ada apa ini?,Parkiran,15520,0,0,0,1,2,706,652
4/8/2023,Zurich ZLF_id_tf_wc_bd_Broad IG_vid_Ada apa ini?_Parkiran_RevoU_14032023,Zurich ZLF,id,tf,wc,bd,Broad IG,vid,Ada apa ini?,Parkiran,18916,0,0,1,0,2,948,880
4/9/2023,Zurich ZLF_id_tf_wc_bd_Broad IG_vid_Ada apa ini?_Parkiran_RevoU_14032023,Zurich ZLF,id,tf,wc,bd,Broad IG,vid,Ada apa ini?,Parkiran,13091,0,0,0,0,1,446,416
4/10/2023,Zurich ZLF_id_tf_wc_bd_Broad IG_vid_Ada apa ini?_Parkiran_RevoU_14032023,Zurich ZLF,id,tf,wc,bd,Broad IG,vid,Ada apa ini?,Parkiran,26338,0,0,0,0,1,1014,919
4/11/2023,Zurich ZLF_id_tf_wc_bd_Broad IG_vid_Ada apa ini?_Parkiran_RevoU_14032023,Zurich ZLF,id,tf,wc,bd,Broad IG,vid,Ada apa ini?,Parkiran,44719,0,0,1,0,3,1420,1274
4/12/2023,Zurich ZLF_id_tf_wc_bd_Broad IG_vid_Ada apa ini?_Parkiran_RevoU_14032023,Zurich ZLF,id,tf,wc,bd,Broad IG,vid,Ada apa ini?,Parkiran,25614,0,0,0,0,1,856,778
4/13/2023,Zurich ZLF_id_tf_wc_bd_Broad IG_vid_Ada apa ini?_Parkiran_RevoU_14032023,Zurich ZLF,id,tf,wc,bd,Broad IG,vid,Ada apa ini?,Parkiran,23145,0,0,1,1,1,607,560
4/14/2023,Zurich ZLF_id_tf_wc_bd_Broad IG_vid_Ada apa ini?_Parkiran_RevoU_14032023,Zurich ZLF,id,tf,wc,bd,Broad IG,vid,Ada apa ini?,Parkiran,11408,0,0,0,0,2,650,595
4/22/2023,Zurich ZLF_id_tf_wc_bd_Broad IG_vid_Ada apa ini?_Parkiran_RevoU_14032023,Zurich ZLF,id,tf,wc,bd,Broad IG,vid,Ada apa ini?,Parkiran,10085,0,0,0,1,2,391,374
4/23/2023,Zurich ZLF_id_tf_wc_bd_Broad IG_vid_Ada apa ini?_Parkiran_RevoU_14032023,Zurich ZLF,id,tf,wc,bd,Broad IG,vid,Ada apa ini?,Parkiran,51389,0,0,0,1,2,1221,1179
4/24/2023,Zurich ZLF_id_tf_wc_bd_Broad IG_vid_Ada apa ini?_Parkiran_RevoU_14032023,Zurich ZLF,id,tf,wc,bd,Broad IG,vid,Ada apa ini?,Parkiran,23693,0,0,0,0,0,707,683
4/25/2023,Zurich ZLF_id_tf_wc_bd_Broad IG_vid_Ada apa ini?_Parkiran_RevoU_14032023,Zurich ZLF,id,tf,wc,bd,Broad IG,vid,Ada apa ini?,Parkiran,12247,0,0,0,0,2,467,443
4/26/2023,Zurich ZLF_id_tf_wc_bd_Broad IG_vid_Ada apa ini?_Parkiran_RevoU_14032023,Zurich ZLF,id,tf,wc,bd,Broad IG,vid,Ada apa ini?,Parkiran,13834,0,0,1,0,0,460,432
4/27/2023,Zurich ZLF_id_tf_wc_bd_Broad IG_vid_Ada apa ini?_Parkiran_RevoU_14032023,Zurich ZLF,id,tf,wc,bd,Broad IG,vid,Ada apa ini?,Parkiran,13692,0,0,0,1,1,629,591
4/28/2023,Zurich ZLF_id_tf_wc_bd_Broad IG_vid_Ada apa ini?_Parkiran_RevoU_14032023,Zurich ZLF,id,tf,wc,bd,Broad IG,vid,Ada apa ini?,Parkiran,11359,0,0,0,0,1,596,567
4/29/2023,Zurich ZLF_id_tf_wc_bd_Broad IG_vid_Ada apa ini?_Parkiran_RevoU_14032023,Zurich ZLF,id,tf,wc,bd,Broad IG,vid,Ada apa ini?,Parkiran,21526,0,0,0,3,8,741,715
4/30/2023,Zurich ZLF_id_tf_wc_bd_Broad IG_vid_Ada apa ini?_Parkiran_RevoU_14032023,Zurich ZLF,id,tf,wc,bd,Broad IG,vid,Ada apa ini?,Parkiran,35643,0,0,0,2,8,1373,1312
3/15/2023,Zurich ZLF_id_tf_wc_sd_Healthcare_vid_Ada apa ini?_Parkiran_RevoU_14032023,Zurich ZLF,id,tf,wc,sd,Healthcare,vid,Ada apa ini?,Parkiran,52993,0,0,0,1,1,742,684
3/16/2023,Zurich ZLF_id_tf_wc_sd_Healthcare_vid_Ada apa ini?_Parkiran_RevoU_14032023,Zurich ZLF,id,tf,wc,sd,Healthcare,vid,Ada apa ini?,Parkiran,99624,0,0,0,2,3,1818,1673
3/17/2023,Zurich ZLF_id_tf_wc_sd_Healthcare_vid_Ada apa ini?_Parkiran_RevoU_14032023,Zurich ZLF,id,tf,wc,sd,Healthcare,vid,Ada apa ini?,Parkiran,33007,0,0,0,3,4,621,579
3/18/2023,Zurich ZLF_id_tf_wc_sd_Healthcare_vid_Ada apa ini?_Parkiran_RevoU_14032023,Zurich ZLF,id,tf,wc,sd,Healthcare,vid,Ada apa ini?,Parkiran,19955,0,0,0,2,2,461,443
3/19/2023,Zurich ZLF_id_tf_wc_sd_Healthcare_vid_Ada apa ini?_Parkiran_RevoU_14032023,Zurich ZLF,id,tf,wc,sd,Healthcare,vid,Ada apa ini?,Parkiran,7311,0,0,0,0,0,134,128
3/20/2023,Zurich ZLF_id_tf_wc_sd_Healthcare_vid_Ada apa ini?_Parkiran_RevoU_14032023,Zurich ZLF,id,tf,wc,sd,Healthcare,vid,Ada apa ini?,Parkiran,4904,0,0,0,0,0,83,76
3/21/2023,Zurich ZLF_id_tf_wc_sd_Healthcare_vid_Ada apa ini?_Parkiran_RevoU_14032023,Zurich ZLF,id,tf,wc,sd,Healthcare,vid,Ada apa ini?,Parkiran,6446,0,0,0,0,0,79,75
3/11/2023,Zurich ZLF_id_tf_wc_la_Sign Up_vid_20K dapat apa_Interview_RevoU_10032023,Zurich ZLF,id,tf,wc,la,Sign Up,vid,20K dapat apa,Interview,8485,0,0,0,1,1,107,100
3/12/2023,Zurich ZLF_id_tf_wc_la_Sign Up_vid_20K dapat apa_Interview_RevoU_10032023,Zurich ZLF,id,tf,wc,la,Sign Up,vid,20K dapat apa,Interview,1806,0,0,0,0,0,29,26
3/14/2023,Zurich ZLF_id_tf_wc_la_Sign Up_vid_20K dapat apa_Interview_RevoU_10032023,Zurich ZLF,id,tf,wc,la,Sign Up,vid,20K dapat apa,Interview,27949,0,0,0,1,1,327,293
3/15/2023,Zurich ZLF_id_tf_wc_la_Sign Up_vid_20K dapat apa_Interview_RevoU_10032023,Zurich ZLF,id,tf,wc,la,Sign Up,vid,20K dapat apa,Interview,22945,0,0,0,1,1,240,224
3/16/2023,Zurich ZLF_id_tf_wc_la_Sign Up_vid_20K dapat apa_Interview_RevoU_10032023,Zurich ZLF,id,tf,wc,la,Sign Up,vid,20K dapat apa,Interview,8054,0,0,0,0,0,175,156
3/17/2023,Zurich ZLF_id_tf_wc_la_Sign Up_vid_20K dapat apa_Interview_RevoU_10032023,Zurich ZLF,id,tf,wc,la,Sign Up,vid,20K dapat apa,Interview,16177,0,0,0,1,1,275,242
3/18/2023,Zurich ZLF_id_tf_wc_la_Sign Up_vid_20K dapat apa_Interview_RevoU_10032023,Zurich ZLF,id,tf,wc,la,Sign Up,vid,20K dapat apa,Interview,5609,0,0,0,0,0,125,116
3/19/2023,Zurich ZLF_id_tf_wc_la_Sign Up_vid_20K dapat apa_Interview_RevoU_10032023,Zurich ZLF,id,tf,wc,la,Sign Up,vid,20K dapat apa,Interview,14304,0,0,0,1,1,225,200
3/20/2023,Zurich ZLF_id_tf_wc_la_Sign Up_vid_20K dapat apa_Interview_RevoU_10032023,Zurich ZLF,id,tf,wc,la,Sign Up,vid,20K dapat apa,Interview,27578,0,0,0,3,4,368,324
3/21/2023,Zurich ZLF_id_tf_wc_la_Sign Up_vid_20K dapat apa_Interview_RevoU_10032023,Zurich ZLF,id,tf,wc,la,Sign Up,vid,20K dapat apa,Interview,21832,0,0,1,3,4,346,313
3/22/2023,Zurich ZLF_id_tf_wc_la_Sign Up_vid_20K dapat apa_Interview_RevoU_10032023,Zurich ZLF,id,tf,wc,la,Sign Up,vid,20K dapat apa,Interview,18513,0,0,0,0,0,199,189
3/23/2023,Zurich ZLF_id_tf_wc_la_Sign Up_vid_20K dapat apa_Interview_RevoU_10032023,Zurich ZLF,id,tf,wc,la,Sign Up,vid,20K dapat apa,Interview,11685,0,0,0,0,0,157,149
3/24/2023,Zurich ZLF_id_tf_wc_la_Sign Up_vid_20K dapat apa_Interview_RevoU_10032023,Zurich ZLF,id,tf,wc,la,Sign Up,vid,20K dapat apa,Interview,14672,0,0,0,0,0,215,190
3/25/2023,Zurich ZLF_id_tf_wc_la_Sign Up_vid_20K dapat apa_Interview_RevoU_10032023,Zurich ZLF,id,tf,wc,la,Sign Up,vid,20K dapat apa,Interview,10888,0,0,0,0,0,231,211
3/26/2023,Zurich ZLF_id_tf_wc_la_Sign Up_vid_20K dapat apa_Interview_RevoU_10032023,Zurich ZLF,id,tf,wc,la,Sign Up,vid,20K dapat apa,Interview,11482,0,0,0,0,0,147,129
3/27/2023,Zurich ZLF_id_tf_wc_la_Sign Up_vid_20K dapat apa_Interview_RevoU_10032023,Zurich ZLF,id,tf,wc,la,Sign Up,vid,20K dapat apa,Interview,15405,0,0,0,1,1,368,320
3/28/2023,Zurich ZLF_id_tf_wc_la_Sign Up_vid_20K dapat apa_Interview_RevoU_10032023,Zurich ZLF,id,tf,wc,la,Sign Up,vid,20K dapat apa,Interview,11866,0,0,0,0,0,361,326
3/29/2023,Zurich ZLF_id_tf_wc_la_Sign Up_vid_20K dapat apa_Interview_RevoU_10032023,Zurich ZLF,id,tf,wc,la,Sign Up,vid,20K dapat apa,Interview,15260,0,0,0,2,2,335,289
3/30/2023,Zurich ZLF_id_tf_wc_la_Sign Up_vid_20K dapat apa_Interview_RevoU_10032023,Zurich ZLF,id,tf,wc,la,Sign Up,vid,20K dapat apa,Interview,20565,0,0,1,1,1,416,366
3/31/2023,Zurich ZLF_id_tf_wc_la_Sign Up_vid_20K dapat apa_Interview_RevoU_10032023,Zurich ZLF,id,tf,wc,la,Sign Up,vid,20K dapat apa,Interview,23086,0,0,0,1,1,682,587
4/1/2023,Zurich ZLF_id_tf_wc_la_Sign Up_vid_20K dapat apa_Interview_RevoU_10032023,Zurich ZLF,id,tf,wc,la,Sign Up,vid,20K dapat apa,Interview,24434,0,0,0,0,0,628,565
4/2/2023,Zurich ZLF_id_tf_wc_la_Sign Up_vid_20K dapat apa_Interview_RevoU_10032023,Zurich ZLF,id,tf,wc,la,Sign Up,vid,20K dapat apa,Interview,26948,0,0,3,0,1,623,530
4/3/2023,Zurich ZLF_id_tf_wc_la_Sign Up_vid_20K dapat apa_Interview_RevoU_10032023,Zurich ZLF,id,tf,wc,la,Sign Up,vid,20K dapat apa,Interview,9782,0,0,0,0,0,403,361
4/4/2023,Zurich ZLF_id_tf_wc_la_Sign Up_vid_20K dapat apa_Interview_RevoU_10032023,Zurich ZLF,id,tf,wc,la,Sign Up,vid,20K dapat apa,Interview,31018,0,0,0,1,1,289,267
4/5/2023,Zurich ZLF_id_tf_wc_la_Sign Up_vid_20K dapat apa_Interview_RevoU_10032023,Zurich ZLF,id,tf,wc,la,Sign Up,vid,20K dapat apa,Interview,75021,0,0,0,1,1,726,672
4/6/2023,Zurich ZLF_id_tf_wc_la_Sign Up_vid_20K dapat apa_Interview_RevoU_10032023,Zurich ZLF,id,tf,wc,la,Sign Up,vid,20K dapat apa,Interview,54238,0,0,0,2,2,600,544
4/7/2023,Zurich ZLF_id_tf_wc_la_Sign Up_vid_20K dapat apa_Interview_RevoU_10032023,Zurich ZLF,id,tf,wc,la,Sign Up,vid,20K dapat apa,Interview,10273,0,0,0,1,1,105,100
4/8/2023,Zurich ZLF_id_tf_wc_la_Sign Up_vid_20K dapat apa_Interview_RevoU_10032023,Zurich ZLF,id,tf,wc,la,Sign Up,vid,20K dapat apa,Interview,33353,0,0,0,7,7,355,317
4/9/2023,Zurich ZLF_id_tf_wc_la_Sign Up_vid_20K dapat apa_Interview_RevoU_10032023,Zurich ZLF,id,tf,wc,la,Sign Up,vid,20K dapat apa,Interview,28033,0,0,0,0,1,304,265
4/10/2023,Zurich ZLF_id_tf_wc_la_Sign Up_vid_20K dapat apa_Interview_RevoU_10032023,Zurich ZLF,id,tf,wc,la,Sign Up,vid,20K dapat apa,Interview,38714,0,0,0,1,1,614,547
4/11/2023,Zurich ZLF_id_tf_wc_la_Sign Up_vid_20K dapat apa_Interview_RevoU_10032023,Zurich ZLF,id,tf,wc,la,Sign Up,vid,20K dapat apa,Interview,42166,0,0,0,2,2,469,418
4/12/2023,Zurich ZLF_id_tf_wc_la_Sign Up_vid_20K dapat apa_Interview_RevoU_10032023,Zurich ZLF,id,tf,wc,la,Sign Up,vid,20K dapat apa,Interview,31930,0,0,0,0,1,280,252
4/13/2023,Zurich ZLF_id_tf_wc_la_Sign Up_vid_20K dapat apa_Interview_RevoU_10032023,Zurich ZLF,id,tf,wc,la,Sign Up,vid,20K dapat apa,Interview,16557,0,0,0,0,0,179,162
4/14/2023,Zurich ZLF_id_tf_wc_la_Sign Up_vid_20K dapat apa_Interview_RevoU_10032023,Zurich ZLF,id,tf,wc,la,Sign Up,vid,20K dapat apa,Interview,17728,0,0,0,0,0,126,112
4/22/2023,Zurich ZLF_id_tf_wc_la_Sign Up_vid_20K dapat apa_Interview_RevoU_10032023,Zurich ZLF,id,tf,wc,la,Sign Up,vid,20K dapat apa,Interview,22812,0,0,0,1,2,220,191
4/23/2023,Zurich ZLF_id_tf_wc_la_Sign Up_vid_20K dapat apa_Interview_RevoU_10032023,Zurich ZLF,id,tf,wc,la,Sign Up,vid,20K dapat apa,Interview,25215,0,0,0,2,2,268,243
4/24/2023,Zurich ZLF_id_tf_wc_la_Sign Up_vid_20K dapat apa_Interview_RevoU_10032023,Zurich ZLF,id,tf,wc,la,Sign Up,vid,20K dapat apa,Interview,14684,0,0,0,2,3,254,232
4/25/2023,Zurich ZLF_id_tf_wc_la_Sign Up_vid_20K dapat apa_Interview_RevoU_10032023,Zurich ZLF,id,tf,wc,la,Sign Up,vid,20K dapat apa,Interview,13129,0,0,0,0,0,138,123
4/26/2023,Zurich ZLF_id_tf_wc_la_Sign Up_vid_20K dapat apa_Interview_RevoU_10032023,Zurich ZLF,id,tf,wc,la,Sign Up,vid,20K dapat apa,Interview,39588,0,0,0,3,4,396,350
4/27/2023,Zurich ZLF_id_tf_wc_la_Sign Up_vid_20K dapat apa_Interview_RevoU_10032023,Zurich ZLF,id,tf,wc,la,Sign Up,vid,20K dapat apa,Interview,35489,0,0,0,2,2,438,392
4/28/2023,Zurich ZLF_id_tf_wc_la_Sign Up_vid_20K dapat apa_Interview_RevoU_10032023,Zurich ZLF,id,tf,wc,la,Sign Up,vid,20K dapat apa,Interview,33577,0,0,1,3,6,504,440
4/29/2023,Zurich ZLF_id_tf_wc_la_Sign Up_vid_20K dapat apa_Interview_RevoU_10032023,Zurich ZLF,id,tf,wc,la,Sign Up,vid,20K dapat apa,Interview,36055,0,0,0,1,1,345,311
4/30/2023,Zurich ZLF_id_tf_wc_la_Sign Up_vid_20K dapat apa_Interview_RevoU_10032023,Zurich ZLF,id,tf,wc,la,Sign Up,vid,20K dapat apa,Interview,26085,0,0,0,1,1,353,304
3/11/2023,Zurich ZLF_id_tf_wc_sd_Educated People_vid_20K dapat apa_interview_RevoU_10032023,Zurich ZLF,id,tf,wc,sd,Educated People,vid,20K dapat apa,interview,9931,0,0,0,0,0,160,141
3/12/2023,Zurich ZLF_id_tf_wc_sd_Educated People_vid_20K dapat apa_interview_RevoU_10032023,Zurich ZLF,id,tf,wc,sd,Educated People,vid,20K dapat apa,interview,15766,0,0,0,2,3,147,130
3/14/2023,Zurich ZLF_id_tf_wc_sd_Educated People_vid_20K dapat apa_interview_RevoU_10032023,Zurich ZLF,id,tf,wc,sd,Educated People,vid,20K dapat apa,interview,28679,2,1,0,0,2,355,307
3/15/2023,Zurich ZLF_id_tf_wc_sd_Educated People_vid_20K dapat apa_interview_RevoU_10032023,Zurich ZLF,id,tf,wc,sd,Educated People,vid,20K dapat apa,interview,23044,0,0,1,2,2,336,293
3/16/2023,Zurich ZLF_id_tf_wc_sd_Educated People_vid_20K dapat apa_interview_RevoU_10032023,Zurich ZLF,id,tf,wc,sd,Educated People,vid,20K dapat apa,interview,12907,0,0,0,0,1,256,222
3/17/2023,Zurich ZLF_id_tf_wc_sd_Educated People_vid_20K dapat apa_interview_RevoU_10032023,Zurich ZLF,id,tf,wc,sd,Educated People,vid,20K dapat apa,interview,17722,0,0,0,1,1,588,490
3/18/2023,Zurich ZLF_id_tf_wc_sd_Educated People_vid_20K dapat apa_interview_RevoU_10032023,Zurich ZLF,id,tf,wc,sd,Educated People,vid,20K dapat apa,interview,19983,0,0,0,1,1,387,327
3/19/2023,Zurich ZLF_id_tf_wc_sd_Educated People_vid_20K dapat apa_interview_RevoU_10032023,Zurich ZLF,id,tf,wc,sd,Educated People,vid,20K dapat apa,interview,22095,0,0,1,2,2,655,552
3/20/2023,Zurich ZLF_id_tf_wc_sd_Educated People_vid_20K dapat apa_interview_RevoU_10032023,Zurich ZLF,id,tf,wc,sd,Educated People,vid,20K dapat apa,interview,35999,0,0,0,1,1,908,776
3/21/2023,Zurich ZLF_id_tf_wc_sd_Educated People_vid_20K dapat apa_interview_RevoU_10032023,Zurich ZLF,id,tf,wc,sd,Educated People,vid,20K dapat apa,interview,41475,0,0,0,3,4,738,634
3/22/2023,Zurich ZLF_id_tf_wc_sd_Educated People_vid_20K dapat apa_interview_RevoU_10032023,Zurich ZLF,id,tf,wc,sd,Educated People,vid,20K dapat apa,interview,26579,0,0,0,2,2,496,450
3/23/2023,Zurich ZLF_id_tf_wc_sd_Educated People_vid_20K dapat apa_interview_RevoU_10032023,Zurich ZLF,id,tf,wc,sd,Educated People,vid,20K dapat apa,interview,22413,0,0,0,1,2,449,394
3/24/2023,Zurich ZLF_id_tf_wc_sd_Educated People_vid_20K dapat apa_interview_RevoU_10032023,Zurich ZLF,id,tf,wc,sd,Educated People,vid,20K dapat apa,interview,31483,0,0,0,0,0,576,490
3/25/2023,Zurich ZLF_id_tf_wc_sd_Educated People_vid_20K dapat apa_interview_RevoU_10032023,Zurich ZLF,id,tf,wc,sd,Educated People,vid,20K dapat apa,interview,18187,0,0,0,1,1,270,248
3/26/2023,Zurich ZLF_id_tf_wc_sd_Educated People_vid_20K dapat apa_interview_RevoU_10032023,Zurich ZLF,id,tf,wc,sd,Educated People,vid,20K dapat apa,interview,12465,0,0,0,0,0,195,173
3/27/2023,Zurich ZLF_id_tf_wc_sd_Educated People_vid_20K dapat apa_interview_RevoU_10032023,Zurich ZLF,id,tf,wc,sd,Educated People,vid,20K dapat apa,interview,16290,0,0,0,3,3,600,533
3/28/2023,Zurich ZLF_id_tf_wc_sd_Educated People_vid_20K dapat apa_interview_RevoU_10032023,Zurich ZLF,id,tf,wc,sd,Educated People,vid,20K dapat apa,interview,25261,0,0,0,3,4,664,575
3/29/2023,Zurich ZLF_id_tf_wc_sd_Educated People_vid_20K dapat apa_interview_RevoU_10032023,Zurich ZLF,id,tf,wc,sd,Educated People,vid,20K dapat apa,interview,23847,0,0,0,4,3,639,555
3/30/2023,Zurich ZLF_id_tf_wc_sd_Educated People_vid_20K dapat apa_interview_RevoU_10032023,Zurich ZLF,id,tf,wc,sd,Educated People,vid,20K dapat apa,interview,32368,0,0,0,1,2,933,817
3/31/2023,Zurich ZLF_id_tf_wc_sd_Educated People_vid_20K dapat apa_interview_RevoU_10032023,Zurich ZLF,id,tf,wc,sd,Educated People,vid,20K dapat apa,interview,41236,0,0,1,1,3,1707,1450
4/1/2023,Zurich ZLF_id_tf_wc_sd_Educated People_vid_20K dapat apa_interview_RevoU_10032023,Zurich ZLF,id,tf,wc,sd,Educated People,vid,20K dapat apa,interview,36737,0,0,1,0,0,1366,1168
4/2/2023,Zurich ZLF_id_tf_wc_sd_Educated People_vid_20K dapat apa_interview_RevoU_10032023,Zurich ZLF,id,tf,wc,sd,Educated People,vid,20K dapat apa,interview,30483,0,0,0,1,1,938,852
4/3/2023,Zurich ZLF_id_tf_wc_sd_Educated People_vid_20K dapat apa_interview_RevoU_10032023,Zurich ZLF,id,tf,wc,sd,Educated People,vid,20K dapat apa,interview,8267,0,0,1,0,0,385,360
4/4/2023,Zurich ZLF_id_tf_wc_sd_Educated People_vid_20K dapat apa_interview_RevoU_10032023,Zurich ZLF,id,tf,wc,sd,Educated People,vid,20K dapat apa,interview,18929,0,0,0,0,0,323,292
4/5/2023,Zurich ZLF_id_tf_wc_sd_Educated People_vid_20K dapat apa_interview_RevoU_10032023,Zurich ZLF,id,tf,wc,sd,Educated People,vid,20K dapat apa,interview,35643,0,0,0,1,1,660,602
4/6/2023,Zurich ZLF_id_tf_wc_sd_Educated People_vid_20K dapat apa_interview_RevoU_10032023,Zurich ZLF,id,tf,wc,sd,Educated People,vid,20K dapat apa,interview,19951,0,0,0,1,0,414,382
4/7/2023,Zurich ZLF_id_tf_wc_sd_Educated People_vid_20K dapat apa_interview_RevoU_10032023,Zurich ZLF,id,tf,wc,sd,Educated People,vid,20K dapat apa,interview,8824,0,0,0,0,0,145,139
4/8/2023,Zurich ZLF_id_tf_wc_sd_Educated People_vid_20K dapat apa_interview_RevoU_10032023,Zurich ZLF,id,tf,wc,sd,Educated People,vid,20K dapat apa,interview,16881,0,0,0,0,0,360,305
4/9/2023,Zurich ZLF_id_tf_wc_sd_Educated People_vid_20K dapat apa_interview_RevoU_10032023,Zurich ZLF,id,tf,wc,sd,Educated People,vid,20K dapat apa,interview,17401,0,0,0,1,2,312,262
4/10/2023,Zurich ZLF_id_tf_wc_sd_Educated People_vid_20K dapat apa_interview_RevoU_10032023,Zurich ZLF,id,tf,wc,sd,Educated People,vid,20K dapat apa,interview,26481,0,0,0,1,1,749,624
4/11/2023,Zurich ZLF_id_tf_wc_sd_Educated People_vid_20K dapat apa_interview_RevoU_10032023,Zurich ZLF,id,tf,wc,sd,Educated People,vid,20K dapat apa,interview,19403,0,0,0,2,4,388,363